Rank,TeamId,TeamName,LastSubmissionDate,Score,SubmissionCount,TeamMemberUserNames
1,16393745,ShumpeiNomura,"2026-06-27 17:23:48",1412.9,2,shumpeinomura
2,16381823,"Yushin Ito","2026-06-25 10:35:16",1370.5,2,yushin505
3,16382749,tomatomato,"2026-06-21 10:04:15",1348.6,2,masamikobayashi
4,16373912,Shun,"2026-06-25 02:54:29",1315.9,2,shunchan0677
5,16371783,"Takaaki Matsuda","2026-06-27 23:54:30",1281.3,2,matsudatakaaki
6,16379469,aidy,"2026-06-26 02:45:28",1268.6,2,aidy1991
7,16378944,CoCoSh,"2026-06-27 03:12:19",1267.1,2,cocosh
8,16377364,"カドラバ Kadoraba","2026-06-22 19:24:47",1259.6,2,heiseimikiko
9,16391190,keidroid,"2026-06-21 05:39:02",1257.6,2,keidroid
10,16438175,KakuTakagawa,"2026-06-27 22:15:15",1248.5,2,kakutakagawa
11,16410464,TG_Aetheryx,"2026-06-25 09:47:15",1240.0,4,"ririan,subzerin"
12,16399724,Jaga,"2026-06-26 04:38:13",1228.6,2,skntbass
13,16381422,"Yasuo 0/10/0","2026-06-20 23:47:07",1227.2,2,tomoakikamijima
14,16385025,NukoNiko15,"2026-06-27 11:29:13",1217.0,2,nukoniko15
15,16375835,yoshimasak,"2026-06-23 13:51:51",1211.4,1,yoshimasak
16,16379476,MasaPokemon,"2026-06-27 12:57:24",1201.1,2,masapokemon
17,16375173,pztriatomic,"2026-06-27 23:48:30",1199.9,2,pztriatomic
18,16380893,"Kimiaki Nakamura","2026-06-25 10:15:29",1197.8,2,kimiakinakamura
19,16389299,"yomogi mochi","2026-06-21 10:41:21",1196.0,2,akihiroshimamori
20,16399036,nattomaki,"2026-06-26 03:07:32",1194.2,2,"nattomaki,yakiba"
21,16381505,ryoya,"2026-06-27 12:29:20",1180.1,2,ryoya1122
22,16377226,kawachi,"2026-06-27 08:18:58",1177.5,2,"ryu092,yuto5510"
23,16373361,Kohenyan,"2026-06-20 17:56:49",1177.1,2,k0henyan
24,16395361,milix,"2026-06-19 15:55:31",1174.4,1,milixm
25,16392727,"Gotem Penguin","2026-06-25 17:57:38",1172.8,2,gotempenguin
26,16408973,らすはる,"2026-06-27 17:33:11",1169.7,2,yamashita
27,16382190,nsytsqdtn,"2026-06-26 14:44:25",1168.8,2,nsytsqdtn
28,16402035,"Inlon Kou","2026-06-26 00:45:40",1168.6,2,inlonkou
29,16392367,みずあめ,"2026-06-23 06:23:50",1166.7,2,mizuamedesu
30,16376649,ysakuragi,"2026-06-23 12:55:06",1161.6,2,ysakuragi
31,16384794,"suguuuuu & hiehie","2026-06-27 23:33:05",1160.6,2,"hiromasadoi,sugupoko"
32,16372292,yamy893,"2026-06-27 17:34:31",1159.4,2,yamy893
33,16387915,tw_shin,"2026-06-23 16:00:59",1154.9,2,zfrank7777
34,16382673,pompom555,"2026-06-25 19:25:15",1152.9,2,pompom555
35,16441800,astriarty,"2026-06-27 10:47:52",1152.6,2,astriarty
36,16385953,Ajishio,"2026-06-28 01:25:22",1151.5,2,ajishio
37,16372882,"katsudon 421","2026-06-20 08:59:03",1150.6,2,katsudon421
38,16384611,"Karolina Kafel","2026-06-26 12:41:04",1149.6,2,tandaradie
39,16394732,"Akito Maruo","2026-06-20 04:10:53",1149.0,2,akitomaruo
40,16382227,takusemba,"2026-06-26 04:26:14",1144.0,2,takusembba
41,16372719,HIMIHIMI,"2026-06-22 15:00:12",1137.1,2,himihimi
42,16440616,"Ramesh Arvind","2026-06-28 00:06:19",1135.2,2,rameshln
43,16376773,hikarimaru,"2026-06-27 16:06:04",1134.6,2,hikarimaru
44,16382252,suwat513,"2026-06-27 15:17:49",1134.3,2,suwat513
45,16403794,"Safiullah Baig","2026-06-24 04:58:47",1132.8,2,safm1rza
46,16371340,e-toppo,"2026-06-26 15:16:03",1127.9,2,masatomatsui
47,16431443,tmizm,"2026-06-26 06:25:13",1126.4,2,takatsugutamaizumi
48,16378422,チームロスギラ,"2026-06-26 14:31:16",1123.3,2,hikaru2357
49,16372517,S4nkurero,"2026-06-27 17:09:07",1123.1,2,sankurero
50,16381262,takumina,"2026-06-23 07:20:11",1121.1,2,takuminakamatsu
51,16372380,"THIRD PTCG Club","2026-06-27 16:05:15",1121.0,2,"shunrcn,simann"
52,16402181,Kiratan,"2026-06-27 08:55:53",1119.7,2,kirtag
53,16406101,"Ryosei Kojima","2026-06-22 10:23:01",1119.5,2,ryoseikojima
54,16408078,shibushun,"2026-06-23 15:13:25",1115.4,2,shibushun
55,16394106,"Rajan Nagarajan","2026-06-25 14:27:41",1114.6,2,narajan
56,16381063,aca-ta,"2026-06-23 00:08:10",1114.3,2,seljydef
57,16389765,みがわり,"2026-06-24 06:26:25",1113.3,2,siruru2007
58,16402694,"TOMOYA Tsunakawa","2026-06-21 06:06:28",1112.8,2,tomoyatsunakawa
59,16382234,"hpp sak","2026-06-27 22:09:09",1110.9,2,hppsak
60,16376465,monnosuke,"2026-06-28 00:16:30",1108.9,2,shiomi1012
61,16397322,"Psychic Genesis","2026-06-28 01:20:02",1103.4,2,"jefersoncollutte,magnusartero"
62,16387130,CYLik,"2026-06-22 06:57:10",1101.4,2,cylik93
63,16375864,Kyohei,"2026-06-27 23:30:40",1100.8,2,kyohei3
64,16416332,Ohashi,"2026-06-25 12:05:14",1100.0,2,jumpeiohashi
65,16432462,"ne Artem Savchenko","2026-06-26 14:20:43",1098.5,2,neartemsavchenko
66,16375609,taka,"2026-06-21 22:34:55",1095.7,2,takaakiishi
67,16373781,Hamu.py,"2026-06-23 07:40:48",1095.2,2,hamupy
68,16386088,"Legend Brothers","2026-06-26 09:18:59",1094.6,2,"holeguma,shunhirota"
69,16394906,KentoHako,"2026-06-26 05:15:16",1090.9,2,kentohako
70,16397598,HayatoFujihara,"2026-06-21 13:32:30",1090.1,2,hayatofujihara
71,16406031,snowsapphire,"2026-06-26 11:13:41",1089.9,2,snowsapphire
72,16397254,"Jake Palanca","2026-06-27 23:30:08",1089.0,2,jakepalanca1
73,16376775,"TrustHub hiroingk","2026-06-18 08:20:23",1087.9,2,hiroingk
74,16425040,omoch1...?,"2026-06-27 15:27:43",1087.4,2,agecom
75,16403777,shogo1229,"2026-06-24 14:21:05",1086.5,2,sheqel
76,16380589,Pixegami,"2026-06-27 01:20:30",1085.7,2,jackpx
77,16384920,EF,"2026-06-22 06:01:22",1084.2,2,ethanfast
78,16372460,"Samyakraj Bayar","2026-06-27 08:50:51",1083.7,2,samyakrajbayar
79,16416965,"Nghia Tran","2026-06-27 05:07:24",1082.8,2,tcnghia
80,16379626,TomTom,"2026-06-23 00:49:57",1082.7,2,"emuasg,supermame"
81,16441104,HCRL,"2026-06-27 14:46:04",1081.9,2,"mrooto,rahaia"
82,16371723,RtoABC,"2026-06-27 10:17:08",1081.1,2,"go5kuramubon,kaidomitsu,nmlibrary"
83,16382914,vibechu,"2026-06-26 23:49:25",1080.7,2,"h4pzzz,santiagojumah"
84,16418151,"peeta pit","2026-06-27 04:24:26",1080.7,2,peetapit
85,16373836,Kuriboh,"2026-06-27 12:09:07",1079.9,2,cauchyeix
86,16375282,"david valor","2026-06-26 02:55:42",1078.7,2,davidvalor
87,16391736,Akira-Ninth,"2026-06-26 09:48:36",1078.4,2,akirayoshimaru
88,16377066,俺達何え?チームcudgk,"2026-06-23 07:01:44",1077.4,2,nipasama
89,16378990,Bakuney,"2026-06-21 06:06:19",1075.6,2,kunipoke
90,16379464,APEC,"2026-06-25 03:00:42",1075.4,2,"gonzaresuyamada,hayatomurata,hirotomiyadate,shintamorikawa,vibekaggler"
91,16412533,Exodia,"2026-06-27 06:17:53",1074.3,2,"epicizy,linhphmgia"
92,16412530,mw,"2026-06-27 22:58:58",1072.5,2,motokazuw
93,16433241,Pikachu,"2026-06-27 15:26:28",1071.4,2,anirudhkumaraheer
94,16371479,ヌメルゴンex,"2026-06-25 12:53:29",1071.2,2,"dehokanta,zakopur0"
95,16372361,foo_foo,"2026-06-27 13:28:39",1069.6,2,kzkt0713
96,16425613,ozdogant,"2026-06-24 19:01:51",1069.0,1,ozdogant
97,16394799,tetsuro731,"2026-06-27 12:28:26",1068.5,2,tetsuro731
98,16388315,如月メノウ,"2026-06-25 07:42:02",1067.7,2,menoukisaragi
99,16405152,"Ketchum Alt","2026-06-27 19:35:01",1067.3,2,tientrum
100,16389230,"Xenon Soh","2026-06-21 07:03:06",1066.3,2,xenonsoh
101,16426023,sqrt4kaido,"2026-06-27 04:10:49",1065.2,2,nomorevotch
102,16377292,nogu,"2026-06-26 17:20:03",1065.0,2,yutanoguchi
103,16398756,suzume41,"2026-06-21 04:23:25",1064.3,2,suzume41
104,16413818,Team_Rocket,"2026-06-27 16:18:15",1063.6,2,labft3231
105,16374997,"Michael Krager","2026-06-21 03:42:18",1063.2,2,michaelkrager
106,16395018,キーウィ,"2026-06-24 10:57:49",1061.9,2,specialkiwi
107,16403668,"Dongwook Kim","2026-06-27 04:00:06",1060.2,2,substitute99
108,16388778,"Team kuma","2026-06-24 17:47:04",1060.2,2,iwanamishoya
109,16386888,"Bektursyn Shaimerden","2026-06-26 07:42:59",1059.0,2,bektursyn
110,16411111,"Gotta catch 'em all","2026-06-23 20:52:40",1056.4,2,mannanthakur
111,16398319,trail,"2026-06-24 14:57:10",1056.0,2,jinkoga
112,16371690,osgggg,"2026-06-20 16:10:48",1055.0,2,osgggg
113,16435847,Yufeng,"2026-06-28 00:36:47",1053.5,2,mxtennet
114,16372029,Jack,"2026-06-27 14:29:24",1050.2,2,jackvd
115,16403218,"Chong Xuan Ng","2026-06-27 18:18:16",1049.7,2,chongxuanng
116,16403812,Aditya,"2026-06-22 13:16:44",1047.9,2,adphx13
117,16385952,"Sobat Bucin","2026-06-27 03:13:29",1047.3,2,sobatbucin
118,16372102,"TTT Is All You Need","2026-06-23 19:54:48",1046.5,2,"rionakamura10,togearitogenasi,togetogeyushin"
119,16381433,"Dick Jessen William","2026-06-25 13:23:33",1045.7,2,dickjessenwilliam
120,16395478,Gappy,"2026-06-27 16:41:18",1044.9,2,takahirohigasa
121,16404581,東京旅行,"2026-06-27 20:23:01",1044.0,2,"divabhattacharya,suman2208"
122,16381027,Yusukey12,"2026-06-25 18:48:08",1043.4,2,yusukey12
123,16397600,dddmd,"2026-06-27 14:35:08",1042.6,2,dddmdd
124,16414753,"Yuya Fujiwara","2026-06-23 12:06:06",1039.1,2,yuyafujiwara139
125,16380542,NuuNohjo,"2026-06-25 02:37:09",1038.5,2,nuunoh
126,16382001,NecromanAlbert,"2026-06-23 10:07:03",1036.6,2,necromanalbert
127,16391395,djschmit,"2026-06-22 20:44:26",1036.3,2,djschmit
128,16375329,"Takuya Ando","2026-06-24 22:20:02",1035.2,2,takuyaando11
129,16381909,haiy_qq,"2026-06-26 07:40:06",1035.2,2,haiyqq
130,16385084,"Harigane Ippei","2026-06-25 10:12:47",1034.1,2,hariganeippei
131,16380112,kenkoooo,"2026-06-28 01:21:02",1033.1,2,kenkoooo
132,16439862,tadhase,"2026-06-27 10:44:18",1031.3,2,tadhase
133,16378002,"Battle Data Base","2026-06-27 17:11:16",1029.6,2,battledatabase
134,16381127,"Boss's Orders Are All You Need","2026-06-27 17:34:34",1029.3,2,"almondman0707,charmq,kazukikumegawa,ymgpalaqs"
135,16392910,kami,"2026-06-27 10:02:43",1028.8,2,"hamham1234,kami634,takahashikeiji"
136,16385250,matsurih,"2026-06-25 06:03:51",1028.8,2,matsurihime
137,16387569,GoodMorning,"2026-06-26 14:39:02",1027.4,2,zhaochenhao2003
138,16385029,Help-Computa,"2026-06-27 23:02:47",1027.4,2,"bstagner,ryanrude33"
139,16376831,harappa,"2026-06-26 16:17:24",1025.9,2,kazuki80
140,16411727,TBBJason,"2026-06-24 17:26:57",1025.4,1,tbbjason
141,16392629,Leundai,"2026-06-23 02:19:33",1025.4,2,leundai
142,16396223,gibbonhugs,"2026-06-25 19:38:06",1024.1,2,gibbonhugs
143,16386344,好吃的台灣拉麵,"2026-06-24 11:01:28",1022.5,2,ramensoup5269
144,16395227,Fitzounet,"2026-06-27 00:32:29",1021.6,2,fitzounet
145,16389508,gagacrow,"2026-06-26 23:58:47",1020.0,2,gagacrow
146,16382541,"TEAM NAME","2026-06-28 01:44:38",1019.7,2,celefefwefwe1
147,16414748,"Ryoga Naito","2026-06-24 13:49:23",1018.3,1,ryoganaito
148,16375972,koucha,"2026-06-27 13:57:38",1018.3,2,momotakaaoki
149,16372588,noikaret,"2026-06-26 18:48:23",1016.5,2,noikaret
150,16374525,okg,"2026-06-26 11:19:47",1016.0,2,okgggg
151,16380605,Lapra5,"2026-06-24 11:22:26",1015.7,2,lapra5
152,16382731,impaja,"2026-06-21 09:40:47",1014.9,2,impaja
153,16373133,"takuya noto","2026-06-24 07:55:33",1014.1,2,takuyanoto
154,16382995,onechan1,"2026-06-17 15:57:54",1013.1,1,onechan1
155,16377894,Orin,"2026-06-27 10:28:29",1012.6,2,neon279
156,16442693,"David Goldrajch","2026-06-27 21:35:09",1011.7,2,elie2003
157,16395897,YanXiaohan666,"2026-06-22 16:40:59",1011.1,2,yanxiaohan666
158,16385593,n=1,"2026-06-23 16:13:29",1010.8,2,photodoc
159,16392251,"dev yankawa","2026-06-27 16:50:29",1009.9,2,devyankawa
160,16372267,Kendamarron,"2026-06-21 07:08:11",1008.6,2,kazuhirokuriyama
161,16432977,klog,"2026-06-27 13:43:05",1008.1,2,mhrzmmhrzm
162,16380626,"Shishio Makoto","2026-06-27 15:58:30",1007.5,2,shishiomakoto
163,16380796,GarlicToday,"2026-06-27 18:58:57",1006.0,2,garlictoday
164,16378429,5.5,"2026-06-28 01:43:57",1005.9,2,lihaha36
165,16398826,"Kevin Ramirez","2026-06-24 20:49:59",1004.4,2,alfarojo
166,16379593,"Mathurin Ache","2026-06-27 06:49:27",1004.1,2,mathurinache
167,16372994,Marron22246,"2026-06-19 09:40:19",1004.0,2,marron22246
168,16375647,zoroark190,"2026-06-27 23:53:26",1003.0,2,zoroark190
169,16393241,pokeka_ryo,"2026-06-24 17:21:30",1002.2,2,pokekaryo
170,16381755,Morim,"2026-06-27 14:53:52",1001.0,2,takeshimorimura
171,16394373,Kinf11,"2026-06-22 11:34:05",1001.0,2,kinf11
172,16376533,Kyo_s_s,"2026-06-17 02:45:37",1000.6,1,"kyosss,yomi8802"
173,16373713,Dakuma,"2026-06-19 07:38:54",1000.5,2,"daiwakun,kumanotani,tenceiling"
174,16384877,yuziri,"2026-06-25 06:04:51",1000.3,2,yuziri
175,16384331,sury,"2026-06-21 09:56:44",1000.0,2,suryii
176,16378672,yamamekko,"2026-06-23 05:52:44",996.7,2,yamamekko
177,16381007,"TTU Thome","2026-06-19 08:53:43",996.3,2,ttuthome
178,16385863,"genki toyama","2026-06-27 08:17:26",996.3,2,genkitoyama14
179,16408071,"Ricardo Nakadomari","2026-06-25 03:35:01",995.9,2,ricardonakadomari
180,16405171,"Shuto Sagawa","2026-06-27 02:50:57",995.8,2,shutosagawa
181,16372993,【ＡＩと共に、ＡＩと戦う】tubotu,"2026-06-27 15:17:35",995.7,2,tubotu
182,16374350,islet,"2026-06-19 06:59:46",994.7,2,kojimar
183,16380841,"Mudkip's Machines","2026-06-23 13:43:50",994.6,2,freddyh1
184,16377283,fttp,"2026-06-27 13:05:43",993.4,2,fukuitappei
185,16382773,magu,"2026-06-24 04:16:16",993.4,2,magu0914
186,16389945,koiwashi,"2026-06-23 07:39:43",992.2,2,koiwashi
187,16376118,bengle,"2026-06-27 22:59:53",992.1,2,bengle
188,16372196,PyJa,"2026-06-26 06:09:19",991.0,2,pixiux
189,16379584,yaruwo,"2026-06-18 00:47:39",991.0,1,yaruwo
190,16377358,yomi,"2026-06-24 10:06:17",990.5,2,ymiura
191,16374400,"Matthew Huang","2026-06-28 01:05:52",990.3,2,matthewwh
192,16406623,keith,"2026-06-24 13:25:56",989.7,2,kamatt
193,16378036,Ingenio,"2026-06-25 22:45:17",989.3,2,ingenio
194,16421541,github/shepsci/kaggle-skill,"2026-06-26 21:26:10",989.1,2,shepscientific
195,16444208,"Akshay Punjabi","2026-06-28 01:09:07",988.8,2,theakshay
196,16373934,graybackcat,"2026-06-27 00:12:02",988.5,2,graybackcat
197,16388849,tonghuicheng,"2026-06-27 04:47:15",988.5,2,tonghuicheng
198,16381480,naoto714,"2026-06-27 08:21:09",987.0,2,naoto714
199,16385323,Y2Dex,"2026-06-22 09:23:42",986.8,2,christopherlortiz
200,16426843,InformaBook2,"2026-06-27 20:49:41",986.4,2,informabook2
201,16381156,taiki,"2026-06-18 11:51:54",986.3,2,taiki95
202,16399122,habakan,"2026-06-24 09:22:58",985.5,2,kansukehabano
203,16380518,reika555,"2026-06-27 09:48:05",984.7,2,reika555
204,16376032,"win a real gold medal","2026-06-27 16:36:33",984.4,2,aizealotwu
205,16372411,"Yoshimura Soichiro","2026-06-26 10:24:30",984.2,2,yoshimurasoichiro
206,16395277,Xunden,"2026-06-19 14:49:43",984.1,1,xunden
207,16377215,Ajay_Rao_43,"2026-06-26 04:39:28",983.8,1,ajayrao43
208,16394658,"Cosmic Birefringence","2026-06-25 06:19:02",983.8,2,yutominami
209,16373523,SH11235,"2026-06-25 16:38:38",983.6,2,sh11235
210,16383019,misaki,"2026-06-27 10:22:21",983.4,2,"dicenull,misakima,reu1011,sausukei,sirn913"
211,16374074,"Octavi Grau","2026-06-20 21:50:07",983.1,2,octaviograu
212,16412933,"Hongbin Guokaggle","2026-06-27 13:13:05",982.3,2,hongbinguokaggle
213,16405671,hamuhei,"2026-06-26 10:04:51",981.9,2,hamuhei4869
214,16422090,Sanjay20052,"2026-06-27 12:56:22",981.8,2,"masterofall,sanjay20052"
215,16371703,c-number,"2026-06-27 23:55:29",981.7,2,"cnumber,harukimiwa,masayoshi64,tomo0608"
216,16386193,ebisu_ya,"2026-06-27 12:27:58",981.7,2,ebisuya
217,16392333,ichigotosakura,"2026-06-19 10:33:02",981.3,2,ichigotosakura
218,16441606,"yq line","2026-06-27 08:08:47",981.3,1,yqline
219,16393296,SkySell,"2026-06-23 07:36:00",980.2,2,shin1shiba
220,16372176,"Quan Nguyen","2026-06-17 12:11:20",979.0,2,quannguyn12
221,16384819,shota,"2026-06-19 21:59:00",978.9,2,shotay
222,16391755,Toru59er,"2026-06-25 01:37:24",978.2,2,toru59er
223,16377429,askbox,"2026-06-27 09:14:58",977.9,2,askboxnet
224,16388806,yue13,"2026-06-18 13:13:32",977.7,1,yue813
225,16382420,Yuiki,"2026-06-26 13:15:01",977.6,2,yuikijp
226,16378569,YT,"2026-06-25 15:03:30",976.7,2,yutatkd
227,16414053,Tanishi＆haru,"2026-06-27 15:57:08",976.6,2,tanishiharu
228,16371434,Budew,"2026-06-27 23:56:15",975.9,2,nht1990
229,16391426,suraki0120,"2026-06-26 16:28:10",975.8,2,suraki0120
230,16373222,monzblog,"2026-06-26 22:59:33",974.7,2,monzblog
231,16388680,poppy457,"2026-06-20 07:17:50",974.1,2,poppy457
232,16373720,MooDerEchte,"2026-06-26 20:44:09",973.7,2,davidralf
233,16386122,cimyzzz,"2026-06-26 09:17:37",973.4,2,cimyzzz
234,16372692,ojicat,"2026-06-28 00:49:26",973.0,2,"karacoro,ojisann,satoshiojs"
235,16377504,Luo,"2026-06-22 03:14:03",971.9,2,chaoqiluo7
236,16390096,datnt114,"2026-06-19 16:36:45",971.2,1,kingkong153
237,16408894," me-keh-dev","2026-06-27 06:03:56",971.2,2,mekehdev
238,16435961,ezreal77,"2026-06-27 15:26:44",971.1,1,ezreal77
239,16376057,rotto,"2026-06-27 10:23:49",971.0,2,pirotototo4023
240,16391443,capbloo,"2026-06-28 00:06:50",970.9,2,capbloo
241,16394010,Naoshin,"2026-06-20 13:27:19",970.8,2,naoshin
242,16373276,"MS-05 ざこ","2026-06-26 02:18:26",969.5,2,royalacecat
243,16400084,Galza98,"2026-06-21 03:19:40",969.4,2,galza98
244,16395067,kenfuku,"2026-06-24 06:47:24",969.2,2,kenfuku
245,16425598,rmoooi,"2026-06-27 15:51:38",969.0,2,rmoooi
246,16397394,Noppo,"2026-06-20 11:07:42",968.6,2,noppok
247,16389841,"iwata hiroki","2026-06-27 15:37:14",968.1,2,iwatahiroki
248,16402445,"Soulemane ISSIFOU","2026-06-27 07:23:54",967.6,2,soulemaneisissifou
249,16394550,TomBombadyl,"2026-06-27 13:28:26",967.3,2,tobin1dr
250,16376655,"Takuto Nishimine","2026-06-22 14:04:27",966.7,2,takutonishimine
251,16382426,shu,"2026-06-27 10:04:19",966.5,2,shumpeace
252,16372647,monst_dama,"2026-06-17 01:15:10",966.5,2,monstdama
253,16380890,akahane,"2026-06-26 10:04:05",966.2,2,shuheiakahane
254,16393544,そうめん,"2026-06-27 14:10:54",965.2,2,soumen2026
255,16385539,MoMy,"2026-06-20 15:42:55",964.9,2,ysasaki
256,16444000,Sophie,"2026-06-27 18:57:26",964.3,2,morty3500
257,16392412,hhku,"2026-06-19 07:37:19",964.2,2,hhkmcd
258,16375522,"Toshiki Shinju","2026-06-17 20:42:27",964.0,1,toshikishinju
259,16378655,tokawa2997,"2026-06-27 07:19:19",963.9,2,tokawa2997
260,16388156,We1chnon,"2026-06-23 13:00:15",963.7,2,we1chnon
261,16408980,"Kakimoto Takahiro","2026-06-27 12:47:04",963.4,2,kakimototakahiro
262,16382059,Fumi,"2026-06-27 03:20:44",963.2,2,cheersbeer
263,16381874,Blacklions.,"2026-06-19 06:59:57",963.0,2,blacklions
264,16387499,"Sérgio Almeida","2026-06-27 14:38:21",963.0,2,serg1oa
265,16381725,llkarill,"2026-06-27 18:51:51",962.3,2,llkarill
266,16376652,"Takanori Kotama","2026-06-26 04:32:50",962.3,2,takanorikotama
267,16408505,JZ,"2026-06-27 13:48:36",962.0,2,zhoujiachen
268,16381360,1++++++++,"2026-06-25 23:00:12",962.0,2,datathinker1
269,16431717,wsdsby,"2026-06-27 05:30:06",961.8,2,wsdsby
270,16374469,西松大祐,"2026-06-23 12:35:28",961.6,2,wep212
271,16387881,konaito,"2026-06-25 08:00:21",960.8,2,konaito
272,16386743,pinoko,"2026-06-19 11:53:27",960.8,2,shojimoriya
273,16391624,Kan,"2026-06-21 09:56:31",960.7,2,teppeisakai
274,16406294,N.Y,"2026-06-27 09:53:26",960.6,2,unisttt2
275,16389109,マクリル（マクリル）,"2026-06-18 15:58:08",959.6,2,mark0124
276,16373448,yomogii,"2026-06-26 10:06:47",958.9,2,yomogii
277,16380517,fufufufufuko,"2026-06-26 14:21:39",957.9,2,iiimas00
278,16405001,"airMac 778","2026-06-27 20:38:12",957.6,2,airmac778
279,16433831,SIGOTO,"2026-06-27 11:02:42",957.4,2,sigoto
280,16372903,"Emre Cirak","2026-06-26 19:55:50",956.8,2,biohack44
281,16372123,Takusato,"2026-06-19 17:47:11",956.8,2,shogoyamamoto16
282,16376309,Nomiyama　Yu,"2026-06-20 03:04:30",956.7,2,nomiyamayu
283,16393207,tf,"2026-06-26 15:07:18",956.0,2,tfukuhara
284,16371328,"Syed Saad Hasan Emad","2026-06-26 15:50:32",955.7,2,syedsaadhasanemad
285,16374579,uuji-qvp,"2026-06-27 13:47:16",955.5,2,uujiqvp
286,16376499,MPGaming,"2026-06-21 12:22:39",955.3,2,"mptjmm,okadahiroshi"
287,16386546,Masaruto,"2026-06-27 13:45:10",954.8,2,"abcsakana,masaruto"
288,16371821,Hawk,"2026-06-27 15:49:24",953.5,2,reo358
289,16400682,Poshiri,"2026-06-26 14:06:35",953.4,2,poshiri
290,16377729,jeruman,"2026-06-27 16:30:27",953.3,2,jeruman
291,16389883,srm463,"2026-06-26 05:50:11",953.2,2,srm463
292,16397932,kemurayama,"2026-06-27 13:59:20",953.0,2,yoshiomura
293,16431773,barrybao123,"2026-06-26 12:58:15",952.9,2,barrybao123
294,16382828,Testuo&Ryuji,"2026-06-27 12:15:42",952.4,2,"yamamotokenta,yamamotokoji"
295,16387847,harmo-miu,"2026-06-26 10:56:32",952.3,2,harmomiu
296,16380340,loveispoison,"2026-06-27 06:02:21",952.2,2,loveispoison
297,16380293,FOYSAL,"2026-06-20 10:23:54",951.9,2,foysalemonshanto
298,16383909,"Alyce Miki","2026-06-23 09:03:50",951.9,2,alycemiki
299,16376638,"Hitoshi Mochizuki","2026-06-26 03:38:39",951.4,2,hitoshimochizuki
300,16372828,iwashi,"2026-06-27 21:16:30",951.1,2,iwashi
301,16376982,Praxel,"2026-06-27 22:21:20",950.9,2,praxel
302,16395754,"Pika 1","2026-06-26 17:08:44",950.9,2,raphaabels
303,16372167,UBI=ISHI,"2026-06-28 00:34:39",950.6,2,"koseitakaki,tsukasa1111"
304,16393415,rsuet61,"2026-06-27 14:42:45",950.6,2,rsuet61
305,16378592,k66,"2026-06-27 08:21:07",950.6,2,k66ninja
306,16389582,AGNT.gg,"2026-06-27 23:53:38",950.1,2,nathanwilbanks1
307,16395606,suis101,"2026-06-19 16:23:36",950.1,1,suis101
308,16383501,"Tokiya Osuka","2026-06-27 17:45:58",950.1,2,tttocklll
309,16417811,小松崎　大世,"2026-06-27 02:53:35",949.9,2,shintaisei
310,16384896,"Ryan Offstein","2026-06-27 15:36:37",949.3,2,ryanoffstein
311,16382442,trickstar,"2026-06-21 02:38:25",949.0,2,trickstar
312,16385517,"Takamasa Muto","2026-06-18 06:57:19",948.7,2,takamasamuto
313,16374763,"Ryo Ochi","2026-06-26 16:24:41",948.7,2,ryoochi
314,16381506,tototo,"2026-06-28 00:24:59",948.5,2,t0tot0
315,16385038,"Misaka Mikoto","2026-06-25 14:46:54",948.4,2,misakamikoto66
316,16372491,"Powerful Hands Is All You Need","2026-06-19 14:09:40",948.4,2,ryotasueyoshi
317,16400870,victorvv,"2026-06-25 13:50:05",948.1,2,whs66666666666
318,16405524,kmn,"2026-06-25 09:22:58",947.7,2,kmatsu01
319,16376287,Wasabi,"2026-06-18 22:39:26",947.4,2,kqnadeorwasabi
320,16395386,akiyamage,"2026-06-25 00:15:41",946.8,2,maurice49
321,16380956,"taiga honda","2026-06-27 20:58:13",946.7,2,hondataiga
322,16378270,"Nithin maktha","2026-06-26 20:05:48",946.7,2,makthanithin
323,16385555,"Maher el Ouahabi","2026-06-27 13:38:47",946.6,2,maherelouahabi
324,16418974,mikelou1,"2026-06-27 17:55:59",946.5,2,mikelou1
325,16394818,Arrtaa,"2026-06-24 19:05:17",946.5,2,arrtaa
326,16388753,"門司 匡広","2026-06-20 14:42:44",946.3,2,monjofight
327,16392733,"Myckel Uribe","2026-06-28 00:43:43",945.9,2,myckeluribe
328,16387890,"Masatoshi Henmi","2026-06-27 15:26:02",945.7,2,masatoshihenmi
329,16380448,fumishiki,"2026-06-17 22:37:25",945.2,2,fumishiki
330,16382115,BluezLee,"2026-06-27 04:38:03",945.2,2,bluezlee
331,16378099,AlphaPoké,"2026-06-24 14:11:45",945.0,2,mmummmm
332,16373290,r_4vk,"2026-06-23 17:19:05",945.0,2,r4vk11235
333,16402915,leocrivels,"2026-06-26 12:56:30",944.6,2,leocrivels
334,16372554,"[RU] Nikita Kuznetsov","2026-06-19 15:06:15",943.9,2,nikitakuznetsof
335,16375865,Bigree,"2026-06-27 21:56:24",943.9,2,jmrbx767
336,16382539,"Katsuhito Muroi","2026-06-27 15:49:58",943.8,2,katsuhitomuroi
337,16402482,"professor oak","2026-06-26 08:26:24",943.5,2,"rister101,stharundhatri"
338,16385733,"Kazuta MIZUTA","2026-06-28 00:37:52",943.3,2,kazutamizuta
339,16417305,Teteapod,"2026-06-25 01:17:47",942.6,2,tetrapod
340,16422241,"Raihan Ramadistra","2026-06-27 04:32:06",942.3,2,raihanramadistra
341,16397074,Kujaomega,"2026-06-19 23:02:04",942.1,1,kujaomega
342,16390148,kenN2439,"2026-06-18 17:17:20",941.9,1,kenn2439
343,16399484,shu8Cream,"2026-06-27 06:36:34",941.9,2,shu8cream
344,16376968,banana,"2026-06-22 17:30:57",941.1,2,cellphonebanana
345,16372486,OBS$E$SED,"2026-06-25 12:33:50",941.1,2,fanhuaiyuan
346,16384859,"japan nobu","2026-06-27 02:06:59",941.1,2,japannobu
347,16382352,FabienDaniel,"2026-06-23 19:34:39",941.0,1,fabiendaniel
348,16388998,fp563yu,"2026-06-20 06:03:36",940.9,2,fp563yu
349,16407283,mgoto51004,"2026-06-27 05:29:50",940.9,2,mgoto51004
350,16378188,midnq,"2026-06-20 18:39:56",940.7,2,midnqly
351,16392761,kosian8128,"2026-06-24 05:00:26",940.3,2,kosian8128
352,16372449,Pik-AI-chu,"2026-06-19 18:29:45",940.2,2,nihilisticneuralnet
353,16382138,"eiji noguchi","2026-06-23 05:58:02",940.2,2,eijinoguchi
354,16373991,"Kamal Das","2026-06-27 05:21:55",940.2,2,kmldas
355,16373942,sea8gull,"2026-06-27 17:07:02",938.7,2,sea8gull
356,16385538,CyberGhost2077,"2026-06-27 23:50:14",938.7,2,cyberghost2077
357,16372521,john,"2026-06-27 14:14:14",938.3,2,jaejohn
358,16394957,hideMonkey,"2026-06-27 12:11:41",937.9,2,hidemonkey
359,16376803,Kelvin,"2026-06-21 03:08:50",937.8,2,xyzdivergence
360,16392389,ShinjiroKuroda,"2026-06-27 06:23:53",937.6,2,shinjirokuroda
361,16377588,uninc2000,"2026-06-21 10:04:57",937.3,2,uninc2000
362,16389234,lark1115,"2026-06-27 06:59:08",936.7,2,lark1115
363,16373583,"Pokemon Garı Gacıyo","2026-06-20 16:31:22",936.6,2,"ahmedberatozer,alperen5252525,baranakyldz,seyitkaangunes"
364,16375487,sakimyto,"2026-06-26 12:29:40",936.4,2,sakimyto
365,16377471,shiiin9,"2026-06-25 14:34:26",935.8,2,shiiin9
366,16382090,tachyon_c2,"2026-06-27 14:29:28",935.6,2,tachyonc2
367,16398805,macaron,"2026-06-26 09:33:56",934.5,2,hayatotech
368,16400126,kouki__k_4869,"2026-06-23 11:36:32",934.3,2,koukik4869
369,16425929,sqdhnt,"2026-06-24 08:00:20",934.1,2,sqdhnt
370,16395460,"Ioannis M","2026-06-19 15:35:42",933.9,1,imeintanis
371,16389573,"Shu Kato","2026-06-18 17:21:00",933.6,2,"kamasho,shukato"
372,16381336,adakoda,"2026-06-26 14:11:42",933.6,2,adakoda
373,16436124,yimin0130O_O,"2026-06-27 15:29:02",932.8,2,yimin0130oo
374,16377825,Tsubasa,"2026-06-20 13:04:08",931.9,2,ishieenn
375,16379108,あぴょぴょ,"2026-06-24 03:24:14",931.5,2,apyopyo
376,16374746,Yuzuki,"2026-06-18 15:09:47",931.1,2,yuzukiohya
377,16377684,"Pilkwang Kim","2026-06-27 11:57:10",930.7,2,pilkwang
378,16378268,atayanZ123,"2026-06-21 08:03:10",930.6,2,atayanz123
379,16372553,A.T.,"2026-06-27 04:15:47",930.5,2,t6ccc2
380,16404230,"Akhil Chinta","2026-06-24 22:19:48",929.6,2,akhilchinta1505
381,16376569,"Shunji Minode","2026-06-28 00:00:12",929.6,2,shunjiminode
382,16376040,GluePickel,"2026-06-24 06:36:45",929.5,2,gluepickel
383,16431972,ykhnkf,"2026-06-27 12:37:57",928.7,2,ykhnkf
384,16371945,conan1024hao,"2026-06-26 07:36:33",928.6,2,"conan1024,expertsplasher,wangliangji"
385,16421599,"Marshall Maximizer","2026-06-27 06:55:20",928.2,2,linkinpony
386,16373813,kambarakun,"2026-06-23 17:45:54",928.0,2,kambarakun
387,16375854,神～卍ぴくるすうどん卍～最強「ミラティブ配信中」,"2026-06-18 21:23:47",927.9,2,kominamiyoutube
388,16387055,kt,"2026-06-19 16:09:58",927.8,2,kolife01
389,16418377,MR.h,"2026-06-24 11:30:34",926.9,2,hyh273279
390,16394705,AmiciDelPo,"2026-06-21 16:21:14",926.8,2,gabrielebeltramo
391,16377411,yakiniku.nagoya,"2026-06-27 16:43:01",925.9,2,mshdhy1010
392,16391481,"Blake Mosley","2026-06-23 21:14:55",925.1,2,blakemosley
393,16375766,"Ten Uchikawa","2026-06-27 03:02:17",924.5,2,tenuchikawa
394,16417676,YasunagaTkcNkmr,"2026-06-26 07:14:53",924.2,2,yasunagatkcnkmr
395,16383398,"Remi Wynthein","2026-06-20 17:21:20",924.1,2,remiwynthein
396,16372132,"Masahiro Nagasawa","2026-06-28 00:34:40",923.7,2,masahironagasawaa
397,16371935,ZETADIVISION,"2026-06-27 16:11:57",923.6,2,"gya999,yadoyado"
398,16411638,kosuke-shimizu,"2026-06-22 04:20:34",923.4,2,thimi0412
399,16377801,shige,"2026-06-26 11:18:47",922.8,2,shigechan
400,16377499,fujiborozoukin,"2026-06-27 13:08:00",921.6,2,fujiborozoukin
401,16428726,"For Good Measure","2026-06-28 01:10:39",921.6,2,plsfix
402,16382867,"Yuto Muroshima","2026-06-23 11:25:27",921.1,2,yutomuroshima
403,16385654,Shachify,"2026-06-21 23:13:18",921.0,2,shachify
404,16371326,J.Moriuchi,"2026-06-27 21:49:27",920.8,2,hesoponyo
405,16433114,TakamaruEX,"2026-06-28 01:06:06",920.8,2,takamaruex
406,16417391,"Alex G","2026-06-23 01:50:20",920.7,2,alexlozadag
407,16382170,kaliafluorido,"2026-06-22 17:09:41",920.1,2,kaliafluorido
408,16379700,Skyscraver,"2026-06-17 10:52:56",920.1,1,jamesccc
409,16417740,chuchumon0411,"2026-06-25 01:15:21",919.6,2,chuchumon0411
410,16405998,香村貴之,"2026-06-21 07:38:46",919.5,2,k19920120
411,16391515,"Collin Christensen","2026-06-19 05:38:09",919.3,1,cchristens
412,16411858,"Sirui Zeng","2026-06-23 07:42:16",919.1,2,siruizeng
413,16400063,"Robo Games","2026-06-21 20:43:30",918.9,2,robogames
414,16391545,"MERO TOKI","2026-06-27 23:54:27",918.6,2,merotoki
415,16373842,"Anirudh K","2026-06-28 00:00:30",918.6,2,anirudhk
416,16385046,blue0620,"2026-06-28 00:34:02",918.5,2,blue0620
417,16373856,shun_otoko,"2026-06-23 07:14:19",918.4,2,shunotoko
418,16385515,"Shiro Sugawa","2026-06-18 05:55:24",918.0,1,shirosugawa
419,16428079,MysMon,"2026-06-28 01:14:10",917.5,2,mysmon
420,16411102,ACoder,"2026-06-25 07:16:04",916.6,2,july7p
421,16419079,DataLover,"2026-06-27 21:59:10",916.2,2,paulknidler
422,16375480,kidekikish,"2026-06-27 13:17:39",915.9,2,kidekikish
423,16384858,dolphin,"2026-06-22 04:40:18",915.6,2,jbradburn
424,16381488,sh1nduu,"2026-06-27 14:11:52",915.1,2,sh1nduu
425,16380547,"Haramball forever!","2026-06-21 04:58:44",915.1,2,envyy23120093
426,16414549,"Misha Shikhov","2026-06-22 14:13:27",915.1,1,mishashikhov
427,16377639,"nick gault","2026-06-20 21:51:44",915.0,2,nicholasgg
428,16390273,"the mudkips","2026-06-27 23:24:44",914.8,2,dominicserrano
429,16376257,"hiroyuki tahuma","2026-06-27 15:17:00",914.8,2,hiro094
430,16390710,"Alberto Mocchi","2026-06-27 16:20:46",914.5,2,albertomocchi99
431,16374391,"Brian Yong","2026-06-20 07:02:39",914.4,2,brianyong
432,16382499,sakama,"2026-06-23 09:48:56",914.3,2,sakama45
433,16372988,ken4500,"2026-06-22 00:09:14",914.2,2,ken4500
434,16441729,NekoChan-NekoChan,"2026-06-27 07:55:40",914.2,1,nekochannekochan
435,16376334,Janglish,"2026-06-27 06:19:43",914.0,2,janglish
436,16426658,Roo333,"2026-06-27 17:09:21",913.9,2,roo333
437,16377948,"Naoki Maeda","2026-06-26 21:47:41",913.8,2,naokimaeda
438,16376937,"Jeki Wan Taufik","2026-06-26 14:04:37",913.5,2,jek1wantaufik
439,16388992,Akamatsu,"2026-06-18 17:25:26",913.3,2,amaou44
440,16402264,xue1213,"2026-06-23 16:32:56",912.9,2,xue1213
441,16394697,Magikarp0916,"2026-06-20 11:10:18",912.8,2,magikarp0916
442,16420923,lingyundev,"2026-06-27 15:00:43",912.8,2,lingyundev
443,16413206,"Pavel Pavlov","2026-06-22 08:50:24",912.4,1,akakii
444,16378613,"pankit kumar","2026-06-22 08:42:34",912.4,2,pankitkumar
445,16389247,shunkun_san,"2026-06-18 14:08:23",912.3,1,shunkunsan
446,16372595,"Yousef Turk","2026-06-21 13:04:49",912.3,2,yousefturk
447,16394276,"Kaiya Kawata","2026-06-23 09:55:16",912.2,2,kaiyakawata
448,16437553,YehJames,"2026-06-28 00:05:14",911.8,2,yehjames
449,16383440,primal,"2026-06-20 00:17:04",911.6,2,primalhost
450,16392590,"KINOKO MIURA","2026-06-20 02:59:01",911.4,2,kinokomiura
451,16410581,f.a.nina,"2026-06-24 13:36:21",911.2,2,nina2025
452,16419060,ISSEI,"2026-06-27 23:52:37",911.0,2,iiss51keygen
453,16380808,festivallead,"2026-06-18 12:00:00",910.6,2,festivallead
454,16378614,souyakuchan,"2026-06-22 06:43:32",909.7,2,souyakuchan
455,16424365,easonyanyan,"2026-06-26 05:14:25",909.6,2,easonyanyan
456,16376640,"TEAM NIPPE","2026-06-23 13:18:34",909.5,2,"risaam,xiongdaxiongmao"
457,16374279,"Aman Atar","2026-06-18 14:32:12",909.4,2,amanatar
458,16379106,COLD,"2026-06-20 05:33:42",909.0,2,maulikgajera
459,16375780,CurveCowboy,"2026-06-22 10:19:56",908.8,2,curvecowboy
460,16385007,otani_ai_memo,"2026-06-20 08:21:49",908.8,2,otaniaimemo
461,16388923,y.shimada,"2026-06-18 23:15:06",908.4,2,shimaday
462,16383061,塩尻祐大,"2026-06-20 18:29:43",908.0,2,yudaivstar
463,16385144,POPCORN,"2026-06-28 01:00:25",907.7,2,tkyysm
464,16420762,"Japanese Kaggle Newbie","2026-06-27 15:52:43",907.6,2,japaneseredpanda
465,16388467,Michey0495,"2026-06-27 04:56:22",907.5,2,michey0495
466,16381261,hayle60,"2026-06-27 07:10:40",907.4,2,hayle60
467,16372186,ごんさくよねきち,"2026-06-28 01:29:04",906.8,2,gonsakuyonekiti
468,16399924,"Empty Hand","2026-06-20 07:20:56",906.6,1,milanpeelman
469,16442375,kkanayj,"2026-06-27 13:47:33",906.5,1,kkanayj
470,16386749,史永刚,"2026-06-22 00:45:18",906.0,2,shizehao
471,16373681,"Shota Hirao","2026-06-27 09:43:02",905.6,2,shotahirao
472,16394135,Abhi,"2026-06-23 10:37:47",905.4,2,zeroday19
473,16409476,jrubiosainz,"2026-06-27 17:11:09",905.3,2,jessrubiosainz
474,16382482,shikitora,"2026-06-27 15:21:43",905.0,2,shikitorarr
475,16392968,Syhhhhhhhhhhhh,"2026-06-25 11:22:46",905.0,2,syhhhhhhhhhhhh
476,16388060,TakazawaMasato,"2026-06-24 03:13:02",904.3,2,takazawamasato
477,16373203,copasta,"2026-06-18 03:14:59",904.1,2,copasta
478,16376297,Rojiomote,"2026-06-26 17:26:28",903.7,2,rojiomote
479,16374516,persn,"2026-06-25 05:48:21",903.6,2,joeykerp
480,16430499,"Pokemon Catchers","2026-06-20 12:52:15",903.4,1,"hanifnoerrofiq,orkhansuleymanov11"
481,16395219,"takahiro k0bayashi","2026-06-21 06:51:23",903.1,2,takahirok0bayashi
482,16382849,水間,"2026-06-27 12:33:48",902.9,2,mijuuu
483,16372335,"Baidalin Adilzhan [dsml.kz]","2026-06-27 06:56:52",902.7,2,baidalinadilzhan
484,16428379,chamboabi,"2026-06-28 01:07:55",902.6,2,"chamboabi,kevinkrank"
485,16436632,"wen murohy","2026-06-26 07:20:08",902.5,1,wenmurohy
486,16377790,NSK,"2026-06-25 03:59:31",902.5,2,nasuka
487,16408307,NoOneAhead,"2026-06-21 14:28:41",902.5,2,jerrlu
488,16374470,"Victor Gonzalez","2026-06-26 07:40:57",902.2,1,darkbitur
489,16380102,まーやん,"2026-06-19 12:37:10",901.7,2,m3588naa
490,16377415,"Sugano Yuta","2026-06-20 10:46:04",900.3,2,itokichi2000
491,16371920,today,"2026-06-20 14:56:32",900.0,2,today55
492,16427363,"shunsuke,nashiki","2026-06-24 12:30:10",899.1,2,shunsukenashiki
493,16378807,negi-develop,"2026-06-27 15:24:55",899.0,2,negidevelop
494,16381754,M093.jp,"2026-06-19 15:17:53",898.8,2,m093jp
495,16380685,ShoDryu,"2026-06-26 20:43:01",898.7,2,shodryu
496,16403874,"Deeptanush Kapaka","2026-06-20 19:05:54",898.6,2,deeptanushk
497,16386872,titako0000,"2026-06-27 12:24:52",898.2,2,titako0000
498,16383673,Banjo,"2026-06-28 00:44:51",897.8,2,banjtheman
499,16377439,pattikamo,"2026-06-23 06:07:20",897.7,2,pattikamo
500,16420357,"Pratham Jain","2026-06-23 10:42:32",897.6,1,"aadigupta1601,kindasomethin"
501,16394280,kglctf,"2026-06-26 20:06:13",897.4,2,kglctf
502,16382592,humita,"2026-06-23 14:08:18",897.4,2,hum1ta
503,16388754,zoira,"2026-06-25 04:22:04",897.3,2,zoira1513
504,16379599,v0m0v,"2026-06-27 01:07:31",897.3,2,"maguchiya,rabbyrinth"
505,16373049,tanako-,"2026-06-24 08:57:12",897.1,2,tanako
506,16382751,kutty1119,"2026-06-23 03:52:17",897.0,2,kutty1119
507,16381884,"Kazuya Hirose","2026-06-20 16:51:01",896.9,2,kazuyahirose
508,16405181,YOKKO,"2026-06-25 11:02:17",896.1,2,yokkomystery
509,16423855,"Marek Nurzynski","2026-06-23 21:00:37",896.1,1,marek3000
510,16411657,Borrun,"2026-06-22 03:36:58",896.0,1,borrun
511,16384587,hikimay,"2026-06-20 21:13:31",895.7,2,hikimay
512,16371509,Ayodeji,"2026-06-27 19:33:53",895.6,2,ayodejiibrahimlateef
513,16385941,nakanoData,"2026-06-22 22:04:05",895.6,2,nakanodata
514,16382980,夯,"2026-06-25 08:30:16",895.3,2,superwmh
515,16439610,"ПИКА ПИКА ЧУ ЧУ ЧУ ЧУ ЧУ","2026-06-27 19:35:14",894.8,2,"clodis,phoenix0501,zabojeb"
516,16373843,okayu777,"2026-06-20 16:29:47",894.5,2,okayu777
517,16373535,"yuji y","2026-06-20 04:31:50",894.4,2,yujiyyy
518,16396501,"Fahim Faisal","2026-06-20 19:46:31",894.4,2,fah1mfa1sal
519,16387028,daiki_pyonkichi,"2026-06-27 11:34:33",894.4,2,himejipyonkichi
520,16400551,"Jaisal K Jain","2026-06-22 06:39:48",894.4,2,jaisalkjain
521,16372582,"Nur Srijan","2026-06-21 18:49:53",894.3,2,nursrijan
522,16377702,"Koki Funahashi","2026-06-25 15:50:46",894.0,2,funashi
523,16372118,"Nao Komura","2026-06-27 01:07:06",893.7,2,naokomura
524,16384179,"shinichiro uno3","2026-06-19 00:15:46",892.1,2,shinichirouno3
525,16386649,Magikarp,"2026-06-26 18:19:46",891.6,2,kulukkuluu
526,16373187,"Hritik Arasu","2026-06-21 21:37:39",891.5,2,arashri20
527,16381864,"Jiachen Li","2026-06-25 09:00:09",891.1,2,llccqq624
528,16412229,Ni123456&,"2026-06-22 08:38:17",891.1,2,bingdongni
529,16388699,oct_path,"2026-06-22 20:31:14",890.5,2,octpath0302
530,16374884,Funky,"2026-06-26 20:24:09",889.5,2,super13579
531,16373351,"Andrey Atanov","2026-06-27 14:27:25",888.6,2,harlenka
532,16376576,"Manan Gupta","2026-06-27 18:57:26",888.0,2,obirdy
533,16380989,"Prema Ananda","2026-06-21 07:23:50",887.5,2,premaananda108
534,16411865,znwe342,"2026-06-28 01:05:11",887.0,2,znwe342
535,16382045,Mamo,"2026-06-17 14:11:49",886.9,1,oobashuto
536,16377599,BRIJITH,"2026-06-19 13:57:27",886.7,2,bmp300706
537,16393005,r0ki3day,"2026-06-19 10:24:47",886.6,2,r0ki3day
538,16395176,"Zhenyu Zhang","2026-06-27 07:35:51",886.6,2,horizen12
539,16419757,"sidney niu","2026-06-25 08:28:19",886.3,2,sidneyniu
540,16372435,"Uta U","2026-06-27 15:13:02",886.0,2,uta6692
541,16395810,Oddball45000,"2026-06-25 07:58:21",886.0,2,oddball45000
542,16378788,Ksterx,"2026-06-23 02:25:02",885.9,2,ksterx
543,16386761,kamonabe,"2026-06-22 17:37:38",885.7,1,kamonabeyy
544,16410955,protoAgent,"2026-06-26 03:08:08",885.6,2,protolabsstudio
545,16372620,"Ankith Savio","2026-06-20 23:15:01",885.2,1,weedoo
546,16378656,kurikuri54,"2026-06-28 01:35:03",885.2,2,kurikuri54
547,16396009,YuyaSuzuki,"2026-06-27 07:33:25",885.2,2,yututapp
548,16393739,"Nguyễn Giáp","2026-06-20 09:37:09",885.2,2,nguyngip
549,16423927,Pichazu,"2026-06-24 12:56:06",885.2,2,pichazu
550,16404193,"Shubham Choudhary","2026-06-21 09:31:16",885.0,2,shubhch32
551,16416886,YangAoTian,"2026-06-26 11:14:08",885.0,2,yangaotian
552,16425970,"Nicolai Karcher","2026-06-26 20:42:21",884.8,2,pejophylo
553,16392674,"Keita Yanome","2026-06-25 02:42:10",884.6,2,yanomekeita
554,16379715,"Ryosei T","2026-06-28 00:14:08",884.6,2,ryoseit
555,16401848,Daksh_Malhotra_Kaggle,"2026-06-20 14:43:31",884.4,2,dakshmalhotrakaggle
556,16441274,Aiba,"2026-06-27 06:42:25",884.2,2,takumaaiba
557,16401597,Benarg,"2026-06-27 11:03:55",884.0,2,benarg
558,16383407,yoshi,"2026-06-27 20:27:37",883.6,2,yoshikisatoh
559,16371320,"(ノ◡ <)","2026-06-20 08:31:31",883.0,2,nawfeelrahman1124444
560,16402989,Handudu,"2026-06-20 15:31:06",883.0,2,handudu
561,16373284,ktyoku,"2026-06-17 18:47:50",882.4,2,ktyoku
562,16376869,lingyu07,"2026-06-17 03:29:02",881.5,2,lingyu07
563,16378050,TAKESHI7676,"2026-06-27 20:56:01",881.5,2,takeshi7676
564,16382215,"Tatsuya Goto","2026-06-27 17:04:28",880.9,2,tatsuyagoto
565,16384377,"Benjamin Zhao3927","2026-06-20 12:20:53",880.8,2,benjaminzhao3927
566,16392777,和田竜一,"2026-06-19 07:01:02",880.6,2,atrwada
567,16388309,kokinnwakashuu,"2026-06-27 03:36:36",880.6,2,kokinnwakashuu
568,16376245,tokimashita,"2026-06-27 16:04:22",880.3,2,"milkcoffeen,minaminamin,reokambayashi"
569,16381250,masat,"2026-06-23 15:02:52",879.7,2,masatttt
570,16380528,DeeperNet,"2026-06-18 13:47:45",879.7,2,deepernet
571,16376001,昊天宗乱披风九九归一,"2026-06-27 02:51:53",879.7,2,kagamikoakatsuki
572,16386067,xinpw8,"2026-06-23 09:27:38",879.6,2,xinpw8
573,16371976,"Been Seo","2026-06-17 23:14:56",879.5,2,beenseo
574,16375790,"Matthew Potteiger","2026-06-17 00:55:21",879.4,1,matthewpotteiger
575,16382098,TooaimiKa,"2026-06-17 13:49:41",879.1,1,tooaimika
576,16421191,"JJ Bean","2026-06-27 21:05:43",878.7,2,"billtennant,jjt0716"
577,16376743,Xstella,"2026-06-18 06:09:57",878.2,1,xstella
578,16386438,ゆんぼぼ,"2026-06-19 01:48:02",878.2,1,yunboboo
579,16392042,Ville,"2026-06-26 14:46:23",877.9,2,"kmp355,rayanshrestha"
580,16382628,hiro_fumiko,"2026-06-18 08:33:36",877.7,2,tushiro
581,16412994,halup,"2026-06-26 10:01:54",877.7,2,tomoyagunji
582,16417651,"zeno Rhye","2026-06-25 10:09:21",877.6,2,zenorhye
583,16383280,ChillR,"2026-06-28 00:05:13",877.2,2,chillr
584,16386173,Hiroyasu123,"2026-06-26 05:25:35",877.1,2,hiroyasu123
585,16432396,Ethereal49,"2026-06-27 15:33:59",877.0,2,ethereal49
586,16424875,"Changdao Chen","2026-06-27 10:37:36",877.0,2,ccdepsilon
587,16380824,orikage,"2026-06-28 01:00:43",876.7,2,orikage
588,16390262,osugi-1,"2026-06-22 02:08:28",876.7,2,osugi1
589,16376489,2-38.com,"2026-06-19 07:27:53",876.4,2,kandotrun
590,16375779,"Topdecking is All You Need","2026-06-27 16:21:16",876.1,2,"iryuki,kojimen"
591,16377116,"Team HAL","2026-06-25 00:42:23",875.7,2,familyhattori
592,16376002,suk1yak1,"2026-06-27 17:36:04",875.6,2,suk1yak1
593,16371465,"Charismatic Pizza Party🍕","2026-06-21 06:47:57",875.4,2,debugendless
594,16372422,ei1333,"2026-06-26 09:22:44",875.2,2,"ei1333,unosss"
595,16372466,akzw,"2026-06-27 04:12:45",875.0,2,akzw4649
596,16371734,ghostiee11,"2026-06-16 19:57:10",874.8,2,ghostiee11
597,16406657,"Kana Yamaguchi","2026-06-23 02:46:25",874.5,2,kanayamaguchi
598,16435285,"Benji Bromberg","2026-06-26 22:38:07",874.4,2,benjibromberg
599,16378381,RMatsugen,"2026-06-26 05:08:23",874.4,2,rmatsugen
600,16411695,xsong2020,"2026-06-22 03:45:09",874.1,1,xstargate
601,16371758,"Abdul Wahab Khan","2026-06-24 14:13:58",874.0,2,abdulwahab2321
602,16400618,"Made a Beautiful Bouquet","2026-06-23 15:38:55",873.8,2,zaiwubian
603,16380444,menace369,"2026-06-20 15:05:19",873.8,2,menace369
604,16383843,Civitas,"2026-06-28 00:23:46",873.5,2,godhand
605,16389538,(¬‿¬),"2026-06-18 14:59:19",873.5,1,abshafi2021
606,16426716,sam_the_rice_cake,"2026-06-24 17:28:09",873.5,2,wliilamsam
607,16372793,"Kazuyoshi SUZUKI","2026-06-16 14:29:00",873.4,2,kazuyoshisuzuki
608,16378975,"Jhu, Jhe-Yi","2026-06-17 08:17:05",873.1,1,jhujheyi
609,16379262,"Naoki Osako","2026-06-18 09:43:04",872.8,2,naokiosako
610,16442976,betmobeton,"2026-06-28 00:24:37",872.7,2,betmobeton
611,16375072,"[ODS] waniz","2026-06-25 13:08:14",872.3,2,wanizz
612,16377187,"Horikita Saku","2026-06-26 09:54:51",872.2,2,horikitasaku
613,16376360,Hack2Publish,"2026-06-24 13:59:23",872.0,2,"hosen42,tarekrahman82"
614,16384229,"Mitudru Dutta","2026-06-22 16:28:16",871.7,2,mitudru
615,16389103,"Neko #2","2026-06-27 13:01:21",871.6,2,ootake
616,16376964,taiyoooo,"2026-06-23 03:21:45",871.5,2,"nezumil,taiyoooo"
617,16378428,uta_ccc,"2026-06-20 20:13:00",871.5,2,utaccc
618,16392835,TeamSCSQ(チームスクスク),"2026-06-25 16:14:33",871.1,2,"hiroyukifuse,komage,kosukehibino,yobinoritakumi"
619,16422410,"Vamshi Krishna Emmadi","2026-06-23 19:40:16",870.6,2,vamshikrishnaemmadi
620,16371923,seven,"2026-06-24 13:09:06",870.2,2,morikawatakeshi
621,16431061,SCU_12600883,"2026-06-26 08:20:25",870.2,2,mavenyechankim
622,16374710,Hiryu,"2026-06-27 12:55:39",870.1,2,kusurizuke
623,16378249,GENGARDEV,"2026-06-22 00:52:52",869.7,2,gengardev
624,16371294,automatylicza,"2026-06-16 12:17:16",869.7,2,automatylicza
625,16397943,AibePC,"2026-06-23 05:38:09",869.7,2,xsmaxpc
626,16412064,illunome,"2026-06-27 16:11:38",869.4,2,tergelmunkhbat
627,16382338,"Kers Aoyagi","2026-06-27 16:37:00",869.4,2,kersaoyagi
628,16390728,"Kazama Yusuke","2026-06-28 00:48:14",869.3,2,kazamayusuke
629,16377088,syuuuuu,"2026-06-23 16:11:17",868.9,2,"qshiki,syuuuuukun"
630,16392076,EmperorGodking,"2026-06-26 16:02:02",868.8,2,emperorgodking
631,16377992,Tsukuru,"2026-06-26 12:21:20",868.8,2,tsukurukomai
632,16382620,"Kazato Takahashi","2026-06-26 12:59:47",868.2,2,kazatotakahashi
633,16371609,"Team Rocket","2026-06-27 21:11:38",868.1,2,"drriddles,fufufukakaka,yamiko835"
634,16374211,"Ikki Katsuyama","2026-06-18 11:03:24",868.0,2,kacchanwriting
635,16376802,Metamor,"2026-06-27 16:16:36",868.0,2,metamormc
636,16379028,NIT_PokemonS,"2026-06-20 05:58:49",867.3,2,"nitpokemons,rinsei33110,unknownkt"
637,16374059,nowan,"2026-06-18 10:55:38",867.2,2,anderswillardleo
638,16376345,"Xiaolei Lian","2026-06-25 16:29:46",867.1,2,xiaoleilian
639,16404502,Davide,"2026-06-27 17:02:57",866.7,2,dcallega
640,16430842,"Rotation Theory","2026-06-27 19:38:54",866.7,2,mikhsank
641,16401381,nkenji,"2026-06-20 11:19:32",866.4,2,kenjinakayamankenji
642,16377821,長谷川太一,"2026-06-23 07:19:29",866.3,2,taichihasegawa1122
643,16391856,ochisamu,"2026-06-27 23:54:52",866.1,2,ochisamu
644,16394796,pp25,"2026-06-25 13:57:57",866.0,2,personal
645,16397235,Supermercado,"2026-06-24 14:03:13",866.0,2,ryotaaaaaa
646,16382451,Libra,"2026-06-28 01:33:53",865.7,2,libra2924
647,16386204,panda__MB__maximus,"2026-06-19 07:53:11",865.6,1,tanishmohokar09
648,16379119,tantk7,"2026-06-25 11:16:58",865.6,2,tantk7
649,16424396,PICNIC,"2026-06-26 10:21:46",865.3,2,picnicaday
650,16387714,mizu.ii,"2026-06-18 09:45:40",865.2,1,mizuii
651,16382248,うつせぎ,"2026-06-17 14:52:29",865.2,2,utsusegi
652,16371937,"Ryuto Yoda","2026-06-24 04:15:12",865.1,2,ryutoyoda
653,16389168,bakata,"2026-06-19 16:34:15",864.9,2,bakata
654,16371979,"Natalia Jaśkowska","2026-06-25 13:38:45",864.9,2,nataliajakowska
655,16388670,kakuteki,"2026-06-21 15:22:48",864.7,2,kakuteki
656,16419260,hoodrichpirobo,"2026-06-24 09:14:52",864.5,2,hoodrichpirobo
657,16404909,"Edward Lue Chee Lip","2026-06-24 06:02:37",864.2,2,edwardluecheelip
658,16375468,m333studio,"2026-06-27 22:41:23",863.9,2,kengomukai
659,16432704,永谷宏介,"2026-06-25 11:58:14",863.4,1,nkohsuke
660,16426854,MartinZiserman,"2026-06-26 00:43:57",863.3,2,zarmii
661,16376065,泣きむしサメチャン,"2026-06-27 03:19:31",863.0,2,gengen1012
662,16391352,Shiva,"2026-06-18 22:07:55",862.9,1,shivasai77
663,16382516,"Eamonn Kashyap","2026-06-27 10:29:37",862.6,2,eamonnkashyap
664,16404994,Shigeki,"2026-06-27 10:59:03",862.4,2,shigeki0920
665,16388524,あじゃる,"2026-06-20 19:09:57",862.3,2,ajaljal
666,16391315,"Teddy McBride","2026-06-22 02:00:37",861.3,2,tedcr100
667,16388551,monicrew,"2026-06-24 15:12:39",861.1,2,"erikatakada,itaosan,kentatakeo"
668,16376016,"Parker Morgan","2026-06-19 04:28:34",860.7,2,parkermorgan123
669,16394395,l2658183739,"2026-06-28 00:18:10",859.6,2,l2658183739
670,16373435,"Ben Desprets","2026-06-18 00:17:36",859.3,2,benjamindesprets
671,16374581,AM,"2026-06-17 21:03:00",859.1,2,adammekky
672,16373858,strayuru,"2026-06-18 12:23:02",859.0,2,strayuru
673,16373114,"Junichiro Morita","2026-06-25 14:31:02",858.4,2,junichiromorita
674,16400727,mmwstudy,"2026-06-27 15:10:49",858.2,2,mmwstudy
675,16382833,Anemone,"2026-06-20 11:13:40",858.1,2,maple0u0
676,16375089,romthpt,"2026-06-27 13:02:46",857.9,2,"romthpt,thomashussenet"
677,16434592,TestLoc,"2026-06-28 00:05:03",857.6,2,testloc
678,16375179,LagrangianLocomotive,"2026-06-26 06:13:05",857.4,2,lagrangianlocomotive
679,16378895,sieru-copan,"2026-06-23 02:02:50",857.4,2,sierucopan
680,16419434,一石三頭,"2026-06-26 11:04:36",856.8,2,"ayumuuu,chomutraps,triceps"
681,16426585,Genki,"2026-06-27 13:42:39",856.8,2,genkiwatanabe
682,16398334,pupipupi5,"2026-06-20 08:11:53",856.7,2,"asakatsutsui,tominarit"
683,16373205,YAKIIMO3,"2026-06-22 21:59:52",856.0,2,yakiimo3
684,16393029,"Tzuchuan Yang","2026-06-19 13:00:24",855.8,1,tzuchuanyang
685,16378819,molmot,"2026-06-20 07:58:51",855.5,2,harukatoyoda
686,16395692,toiru1999,"2026-06-23 00:30:36",855.5,2,toiru1999
687,16385751,neuro168,"2026-06-27 14:31:36",855.3,2,lordmc
688,16385358,kura54,"2026-06-19 10:08:38",855.1,1,kurapuchi
689,16376339,kazusw,"2026-06-26 10:58:35",854.3,2,kazusw
690,16393835,TorNoz,"2026-06-27 21:00:09",854.3,2,torigoenozomi
691,16443591,TTKeHH,"2026-06-27 15:01:08",854.3,1,ttkehh
692,16375769,没落者,"2026-06-25 23:28:52",854.3,2,needless090
693,16438524,4san,"2026-06-27 11:51:47",854.2,2,soreiru
694,16378735,PTCG_CN,"2026-06-22 09:18:57",854.2,2,"gostaryu,kawaiiselphine"
695,16381310,"fuga doggo","2026-06-27 05:50:25",854.1,2,fugadoggo
696,16383204,StephenNedumpally,"2026-06-20 14:51:23",853.9,2,stephennedumpally
697,16396019,wmore8,"2026-06-24 07:11:49",853.9,2,wmore8
698,16380205,Bugis,"2026-06-20 16:20:28",853.8,2,haoyu36220
699,16398204,"Kaung Htet San","2026-06-24 05:38:29",853.8,2,kaunghtetsan275
700,16406277,"Bianco Chiu","2026-06-25 13:35:40",853.6,1,biancochiu
701,16388429,rinov321,"2026-06-25 17:46:02",853.5,2,rinov321
702,16385268,sekken,"2026-06-22 11:19:31",853.5,1,marksix
703,16412477,Yxy2001,"2026-06-27 17:12:32",853.4,2,yxy2001
704,16405143,bgsszsa,"2026-06-23 13:12:42",853.4,2,bgsszsa
705,16413287,"Biel Escola Rodrigo","2026-06-22 09:17:32",853.4,1,bielescolarodrigo
706,16374073,akmr,"2026-06-24 14:47:13",853.3,2,akimaru
707,16430749,uesi,"2026-06-28 00:52:40",853.2,2,uemura687
708,16376154,niyo,"2026-06-27 16:52:43",852.9,2,yoshikiban
709,16404901,codebeforework,"2026-06-27 01:38:31",852.7,2,codebeforework
710,16389040,Athar,"2026-06-21 06:28:22",852.7,2,kruuze
711,16381779,"Sugiyama Tomoki","2026-06-27 16:12:37",852.6,2,tomoki114
712,16389980,yawara,"2026-06-19 02:23:23",852.4,2,yawara
713,16389169,kuma_jp,"2026-06-28 01:11:10",851.9,2,kumajp
714,16402701,PandaBananas,"2026-06-28 00:43:38",850.8,2,kurtmooney
715,16380136,jongyoon,"2026-06-26 09:36:50",850.6,2,codebricks
716,16375394,NOISEFALLACY,"2026-06-23 05:22:34",850.6,2,noisefallacy
717,16371696,"Mathieu W","2026-06-23 20:25:38",850.1,2,mathieuw
718,16400904,yuyutech(Genuine),"2026-06-25 21:41:56",849.9,2,yuyutechgenuine
719,16408448,h_noson,"2026-06-27 16:52:56",849.8,2,hnoson
720,16382408,YusukeKatoPremium,"2026-06-22 13:03:39",849.8,1,yusukekatopremium
721,16385748,"Yichen Ao","2026-06-25 07:39:10",849.7,2,ragnarosfirelord
722,16383163,yamato498,"2026-06-17 16:05:52",849.5,1,yamato498
723,16376434,StackKnight,"2026-06-24 06:18:01",849.0,2,stackknight
724,16373068,shyGnome3,"2026-06-16 15:39:58",848.7,2,shygnome
725,16373931,"Yaroslav kholmirzayev","2026-06-27 13:08:49",848.5,2,yaroslavkholmirzayev
726,16381394,GreatestCutie,"2026-06-27 16:15:44",847.9,2,greatestcutie
727,16382548,"ToMY F.","2026-06-23 10:32:03",846.9,2,tomyfdev
728,16372062,Hiro0811,"2026-06-21 20:55:14",846.8,2,hiro0811
729,16380510,kazu107,"2026-06-25 13:29:04",846.6,2,kazu107
730,16371678,ktm,"2026-06-27 05:31:34",846.5,2,tmhrkt
731,16381213,Mojumbo,"2026-06-24 09:35:52",846.4,2,mojumbo
732,16374973,"lopunny's lovers","2026-06-21 23:55:23",846.4,2,mob404
733,16380333,"Hiroki Maruo","2026-06-26 12:23:37",846.1,2,hirokimaruo
734,16375685,しろしろ,"2026-06-27 19:16:06",845.7,2,siro1216
735,16371475,sitne,"2026-06-23 13:35:32",845.7,2,sitne40
736,16405068,PNGN,"2026-06-21 02:35:17",845.6,2,milipngn
737,16404956,msas111,"2026-06-21 13:09:42",845.6,2,msas111
738,16373470,charu,"2026-06-16 15:43:28",845.4,1,osamuikeda
739,16430694,"Reyhan Ksatria","2026-06-25 04:47:11",845.2,2,reyhanksatria
740,16380018,"Sohshi Nakamura","2026-06-27 02:26:34",844.8,2,sohshinakamura
741,16381114,松原柚月,"2026-06-21 02:37:11",844.6,2,diayudu26
742,16392570,sangmin7b,"2026-06-24 07:38:01",844.3,2,sangmin7b
743,16374388,onionring26,"2026-06-25 23:29:54",844.0,2,"momentummm,onionring26,skota0815"
744,16407812,"Lvov Stanislav","2026-06-22 20:42:13",843.9,2,tickflag
745,16440629,"Albert Wang","2026-06-26 22:50:51",843.8,1,mianwang1024
746,16380690,Ruko,"2026-06-25 12:15:57",843.8,2,chanholong
747,16380465,tomworks,"2026-06-18 06:36:29",843.6,2,tomworks
748,16385904,"Kenst Ligu","2026-06-23 11:11:45",843.5,2,liguria228
749,16375276,XtraLearning,"2026-06-27 17:57:05",843.3,2,xcessivesmash
750,16382300,"Paras Sharma","2026-06-26 01:01:21",843.3,2,blazeofchi
751,16374893,"Brian Altan","2026-06-25 07:50:26",843.1,2,brianaltan
752,16377307,"Akifumi Okubo","2026-06-27 19:02:27",843.1,2,paracanthurus
753,16402199,himatani,"2026-06-27 18:19:08",843.0,2,himatani
754,16401215,mattsu2020,"2026-06-22 10:08:27",842.9,2,mattsu2020
755,16393945,razona,"2026-06-23 12:46:50",842.8,2,razonadesign
756,16376939,Unicorn,"2026-06-27 08:48:08",842.7,2,scutxuanyu
757,16387018,"Артём Свинобоев","2026-06-21 03:17:29",841.9,2,ssstelmah
758,16405345,roiall,"2026-06-26 16:07:44",841.9,2,roiall
759,16385200,"Sam Branham","2026-06-28 00:59:00",841.9,2,sambranham
760,16427821,@🤞@,"2026-06-24 13:52:33",841.8,1,anglolodorf
761,16382034,"Chua Zheng Wei Brian","2026-06-27 12:04:37",841.8,2,chuazhengweibrian
762,16374972,hirune924,"2026-06-22 14:45:21",841.7,2,hirune924
763,16415173,Solid_Sea,"2026-06-27 09:20:02",841.5,2,solidsea
764,16424749,Saikawa_Yui,"2026-06-26 03:58:42",841.0,2,saikawayui
765,16381522,waticson,"2026-06-27 14:59:42",841.0,2,yutodennou
766,16428200,tsuvo,"2026-06-27 05:28:07",840.8,2,shotarootsubo
767,16403589,blackseashark@gcvt,"2026-06-25 09:33:35",840.6,2,"aryansomanna,blackseasharkgcvt,trushti"
768,16431351,motemen,"2026-06-26 14:36:42",840.2,2,motemen
769,16384883,"Shoya Taguchi","2026-06-27 19:20:24",840.0,2,shoyataguchi
770,16400562,Imamu,"2026-06-21 16:43:47",839.9,2,chizzm
771,16375312,"Anthony Ellis ","2026-06-19 00:42:51",839.9,2,chinoki346
772,16373853,DENPA92,"2026-06-27 22:23:31",839.3,2,"denpa92,tcgengine,viewlagoon"
773,16429512,"Cerys Jones","2026-06-25 05:18:19",839.2,2,cerysjonestcg
774,16401205,kmiya61212,"2026-06-21 11:23:26",839.1,2,kmiya61212
775,16372541,"Evex Developers","2026-06-27 05:25:50",838.9,2,"del=5942c8061baf72a5,edamamex"
776,16432931,warabiimu,"2026-06-27 14:42:45",838.6,2,"harunnwaaaa,warabiimu"
777,16375843,"Ben Malaga","2026-06-17 14:54:00",838.6,2,benmalaga
778,16418422,guohaowen,"2026-06-23 16:43:33",838.5,2,guohaowen1910
779,16417006,tennogh,"2026-06-22 22:40:38",838.4,1,tennogh
780,16372971,richwomanbtc,"2026-06-24 00:03:19",838.4,2,richwomanbtc
781,16375666,cam3ronc,"2026-06-25 23:21:55",838.3,2,cam3ronc
782,16418232,"Masataka Sato","2026-06-24 03:02:09",838.3,2,masatakasato
783,16405495,DeeSaa,"2026-06-28 01:33:46",838.1,2,deesaa
784,16380114,RyuseiHiko,"2026-06-22 13:51:10",838.0,2,ryuseihiko
785,16382710,魔法少女ノ魔女裁判,"2026-06-19 07:59:52",838.0,2,hayaseneruvt
786,16372263,"André Fernandes","2026-06-27 08:57:24",837.9,2,zerocool21
787,16407141,さやのーず,"2026-06-21 14:54:35",837.9,2,"alorphas,jenga0556,sayanotsu"
788,16399504,gon_fox,"2026-06-26 04:47:16",837.4,2,gonfox67
789,16371435,"Suzuki Mari","2026-06-27 11:27:24",837.2,2,suzukimari
790,16391648,aoi_sugawara,"2026-06-27 04:58:51",836.9,2,aoisugawara
791,16428903,Efthimios,"2026-06-27 16:46:09",836.1,2,efthimiosfousekis
792,16390101,Pokopia,"2026-06-27 10:37:22",835.8,2,"timothyzhang123,yilinge,yuyizhu"
793,16386998,"Clawdia Sakamoto","2026-06-25 11:11:58",835.6,2,clawdiasakamoto
794,16391853,yuya,"2026-06-25 13:30:50",835.5,2,yuomori
795,16443367,URAD,"2026-06-27 17:27:53",835.3,2,uradkr
796,16394764,"Mountain peak","2026-06-21 01:29:51",834.2,2,moumouaa
797,16384958,DaJimmy,"2026-06-25 23:38:07",834.2,2,dajimmy
798,16381745,datawizardd,"2026-06-18 20:10:35",834.0,2,jheung
799,16376133,viss,"2026-06-27 03:49:46",834.0,2,vissdonn
800,16383238,"Dũng Đỗ","2026-06-20 20:06:27",833.7,2,dungdosg
801,16377326,iruka4444,"2026-06-17 05:07:54",833.7,1,iruka4444
802,16381477,"Shawn Sullen","2026-06-24 19:03:25",833.6,2,shawnsullen
803,16386210,DoAI,"2026-06-26 14:02:09",833.5,2,kyoheid
804,16385287,"Junichi Saigou","2026-06-18 01:43:23",832.9,1,junichisaigou
805,16374194,"GO HIROSHIMA 2","2026-06-23 15:45:49",832.7,2,gohiroshima2
806,16372636,いせえび,"2026-06-23 06:37:16",832.7,2,iseeebi
807,16389781,"TLM13 LABS","2026-06-22 20:52:25",832.6,2,accuratetlm13
808,16390808,"THE TORQUE WRENCHES","2026-06-28 00:21:08",832.6,2,"akicolor,lutramasaki,mameta"
809,16371547,"WOOSUNG YOON","2026-06-16 12:39:45",832.4,1,woosungyoon
810,16421134,shimasoft,"2026-06-27 13:40:02",832.2,2,yoshiakishimabukuro
811,16373761,mage03,"2026-06-17 23:08:06",832.1,2,mage03
812,16422470,Bensonli7777,"2026-06-26 10:13:19",831.8,2,"bensonli7777,sengami"
813,16410496,r1ck.sync,"2026-06-21 20:08:14",831.8,1,r1cksync
814,16376384,YOYOPIpo,"2026-06-19 07:47:49",831.7,2,yoyopipo
815,16371792,"Shunsuke Kurita","2026-06-17 05:26:19",831.6,2,shunsukekurita
816,16404421,Pascal,"2026-06-20 21:22:20",831.4,1,pascalledesma
817,16375115,KenLatte,"2026-06-20 20:39:25",831.3,2,kenkudo
818,16402072,長野秀俊,"2026-06-25 02:35:52",831.2,2,hidetoshi602
819,16382491,piyomaru,"2026-06-21 02:20:19",830.8,2,pyoyusiko
820,16385017,キキ327(トウカ),"2026-06-19 09:05:58",830.8,2,kiki327
821,16389997,"Two Stooges","2026-06-27 21:44:53",830.8,2,olivermerkleyking
822,16378344,yuki16,"2026-06-20 03:37:12",830.3,2,yuki16
823,16394348,"Shirag Maharaj","2026-06-28 00:03:22",830.2,2,chaksquieto
824,16376124,"Hale Obernolte","2026-06-18 15:33:00",830.1,2,hobernolte
825,16395661,yuhei,"2026-06-27 19:18:31",829.5,2,yugrayu
826,16389250,Kurokawa,"2026-06-24 21:10:36",829.4,2,hiroshikurokawa
827,16413074,Poemcourt,"2026-06-22 08:40:31",828.1,1,poemcourt
828,16388604,Ditto132,"2026-06-28 00:36:53",828.0,2,"austinhoasianboy,zxlai77"
829,16380100,Bancho,"2026-06-17 09:46:29",827.9,1,harunaf
830,16377544,srikalyan,"2026-06-28 00:37:06",827.9,2,srikalyan
831,16381869,"Xiangjiang Zhou","2026-06-19 09:06:31",827.7,2,xiangjiangzhou
832,16373260,mm-1989,"2026-06-23 00:24:10",827.7,2,mm1989
833,16404687,FirstSS-Sub,"2026-06-28 01:29:06",827.5,2,firstsssub
834,16373221,Ohnishiiii,"2026-06-26 07:54:32",827.0,2,keisukeonishi
835,16383515,PavelLiashkov,"2026-06-19 12:33:07",826.7,2,bigbag1983
836,16381571,SamuelSanolume,"2026-06-27 18:59:52",826.5,2,samuelsanolume
837,16385615,sukesuke012,"2026-06-27 14:07:31",826.3,2,sukesuke012
838,16395684,"MTL Agent","2026-06-25 02:52:47",826.3,2,mko93420
839,16373157,"Yuma Takeuchi","2026-06-21 17:35:44",825.9,2,yumatakeuchi
840,16371604,pham,"2026-06-19 08:07:24",825.9,2,phamworks
841,16375493,"Roman Rozen","2026-06-27 18:07:48",825.8,2,romanrozen
842,16376300,"Parth Raj Purohit","2026-06-21 08:35:37",825.8,2,parthrajpurohit
843,16373158,akr2428,"2026-06-28 01:22:49",825.6,2,akr2428
844,16382471,"Murat Kolic","2026-06-27 23:12:16",825.6,2,muratkolic
845,16371913,soraemon,"2026-06-27 17:37:49",825.5,2,soraemon
846,16374827,Kityyomu,"2026-06-24 20:55:36",825.4,2,kityyomu
847,16372359,Star-mine,"2026-06-26 12:59:43",825.4,2,"jinkai01,peppernxt"
848,16397524,jiatu.l,"2026-06-28 00:03:15",825.1,2,jiatul
849,16377252,BioMath,"2026-06-27 13:01:41",824.6,2,"columbia2131,renahayashi,shuichikudo"
850,16400977,dungeon-master,"2026-06-27 10:07:05",824.4,2,anonymousgod108
851,16395832,"Beginner's luck","2026-06-19 16:44:36",824.0,2,"ruinnnnnn,sakurabamomiji"
852,16386043,skorry,"2026-06-21 08:52:44",823.9,2,skorry
853,16378476,aaa,"2026-06-27 14:14:12",823.9,2,liuyuq
854,16382318,junXD5,"2026-06-27 13:57:45",823.5,2,junxd5
855,16386171,MEP,"2026-06-19 14:51:44",823.3,2,reishmnia
856,16421871,hotpotbro,"2026-06-27 05:23:42",822.5,2,hotpotbro
857,16373012,Voyager,"2026-06-19 00:51:01",822.5,2,"dongukjung,kozistr"
858,16403464,Ontamasan85,"2026-06-20 16:46:49",822.1,1,ontamasan85
859,16386680,"Ilham Sadewa","2026-06-25 02:45:30",822.0,2,ilhamsadewa
860,16383503,Arceus,"2026-06-20 18:21:07",821.8,2,"dibyaprakash058,parimalkorada,uselessbruh"
861,16375767,Dracufeuer,"2026-06-22 06:42:37",821.8,2,"behrouzbarati,hollenfoc"
862,16382892,なるなる,"2026-06-18 16:49:53",821.7,2,suzunaru
863,16385170,SantaClaws,"2026-06-27 14:14:07",821.1,2,vovikdrg
864,16425415,flaty,"2026-06-27 23:49:38",819.0,2,flat831
865,16393709,AyFukushima,"2026-06-28 01:13:01",818.9,2,nantohock
866,16381859,kokatsu,"2026-06-26 00:35:26",818.8,2,kokatsu
867,16431421,Oscarmoon09,"2026-06-27 05:09:39",818.7,2,oscarmoon09
868,16381980,Shizk2205,"2026-06-20 10:09:21",818.6,2,shizk2205
869,16413128,Dicer992,"2026-06-23 10:09:52",818.6,2,dicer992
870,16388236,tetsu31,"2026-06-18 11:21:40",817.8,1,tetsu31
871,16375568,yatosa,"2026-06-24 04:35:49",817.7,2,yatosa
872,16372465,ykuroka,"2026-06-27 03:47:39",817.6,2,ykuroka
873,16376861,keibrown,"2026-06-25 23:04:50",817.2,2,keibrown
874,16376460,"Takeshi Tanno","2026-06-27 16:41:05",816.9,2,takeshitanno
875,16379915,"SHUBHOJIT NASKAR","2026-06-17 09:27:15",816.9,2,shubhojitnaskar
876,16380385,"Yoshinari Fujinuma","2026-06-24 18:43:59",816.9,2,yoshinarifujinuma
877,16382341,E_96tree,"2026-06-27 13:33:58",816.7,2,e96tree
878,16376419,VAAAANG,"2026-06-19 16:57:42",816.1,2,vaaaang
879,16380442,"Tomonobu Niwa","2026-06-18 05:41:49",815.7,2,tomono
880,16411931,"Amon Suzuki","2026-06-22 08:02:11",815.6,2,amonsuxuki
881,16383299,Twil3akine,"2026-06-21 01:55:16",815.1,2,twileakine
882,16374432,shg195,"2026-06-26 17:36:49",815.1,2,shg195
883,16377835,"Seok, Jeongeum","2026-06-26 13:11:23",815.1,2,seokjeongeum
884,16416135,"Aditya Sharma","2026-06-26 06:16:26",815.0,2,adityasharma01
885,16433861,deepika.ss,"2026-06-25 15:42:24",815.0,1,deepikass011
886,16373541,실험용생쥐,"2026-06-17 06:52:12",815.0,2,picapicafe
887,16383701,Phil_Hellmuth,"2026-06-27 23:23:31",814.9,2,"eliteballer1511,kbmaster1706,riyanpatil"
888,16372329,"Team D","2026-06-28 01:35:01",814.8,2,"ikedatsutom,kmy327"
889,16388521,cha7ura,"2026-06-27 18:11:17",814.6,2,cha7ura
890,16375930,くりたんとたけちゃん,"2026-06-27 23:13:05",814.6,2,"highbrid,shaka21,takechang"
891,16388379,EPHEMORIA,"2026-06-19 17:56:12",814.5,2,ephemoria
892,16395111,dararu,"2026-06-27 04:05:34",814.4,2,vochicong
893,16399641,進め！きぺお隊長,"2026-06-26 07:33:34",814.3,2,"kawasakiniko,kipeo22,minamimori,souakkk"
894,16373348,dmiyabe,"2026-06-28 01:00:50",814.2,2,dmiyabe
895,16377362,Penguin,"2026-06-27 17:46:57",814.0,2,penguin069
896,16372696,senkin13,"2026-06-27 16:31:13",813.8,2,senkin13
897,16384194,"Yohei Nakajima","2026-06-27 14:20:18",813.8,2,theyohei
898,16376943,seiya.n21,"2026-06-18 15:07:16",813.5,2,seiyan21
899,16382842,ABfry0620,"2026-06-26 06:50:17",813.5,2,abfry0620
900,16432459,"Nozomi Maki","2026-06-27 13:41:15",813.3,2,millak
901,16376662,Ai_1asy0525,"2026-06-22 11:33:49",813.0,2,ai1asy0525
902,16420873,"Evily Evihut","2026-06-27 02:55:07",812.9,2,evilyevihut
903,16388442,sugayuki_993,"2026-06-19 14:37:24",812.7,1,sugayuki993
904,16400433,hoshimori,"2026-06-24 15:00:56",812.3,2,hoshimori
905,16392711,"Tomohiro Kawamoto","2026-06-22 10:56:57",812.1,2,tomohirokawamoto
906,16373169,"Hiro Nomo","2026-06-28 00:23:24",812.1,2,morinokuma3
907,16373896,SpeedSci,"2026-06-19 07:28:18",812.1,2,caoyupeng
908,16397244,jskymfe,"2026-06-22 13:43:51",811.8,2,jskymfe
909,16375591,dafujii,"2026-06-19 07:58:45",811.7,2,daikifujii
910,16385132,kmdrism,"2026-06-18 00:46:52",811.6,1,kmdrism
911,16388897,antimaterial,"2026-06-24 08:45:12",811.5,2,"antimaterial,taiya702"
912,16391383,"Raymond Brunell","2026-06-27 01:20:07",811.4,2,raymondbrunell
913,16371898,platypus2000jp,"2026-06-18 03:02:44",811.2,2,platypus2000jp
914,16373218,NATTSU,"2026-06-27 00:57:10",811.0,2,tsubakinatsu
915,16414523,"Qin Wen","2026-06-27 11:38:40",810.5,2,qinwen
916,16379818,"yuki matsumori","2026-06-27 02:51:45",810.0,2,yukimatsumori
917,16373095,"Toshiki Tsuchiya","2026-06-22 16:25:34",809.8,2,toshikitsuchiya
918,16424835,"Ming Fong","2026-06-24 03:02:33",809.6,1,evilpegasus
919,16387153,Hahnter,"2026-06-28 01:27:53",809.4,2,zachhahn
920,16371940,ondy0705,"2026-06-27 15:29:25",809.4,2,"bluenero,metaru0812,ondy0705,romyroming"
921,16383912,Aphrodite,"2026-06-19 06:55:06",809.3,1,aphrodite874
922,16404352,Oshbocker,"2026-06-20 20:39:20",809.2,1,oshbocker
923,16382888,"Joey Mckee","2026-06-23 18:31:54",809.2,2,joeymckee
924,16371851,heart_mugi,"2026-06-21 05:28:02",808.9,2,heartmugi
925,16397268,"jarrett blumenschein","2026-06-27 16:28:06",808.9,2,jarrettblumenschein
926,16424849,Yizhi,"2026-06-25 08:25:08",808.7,2,yizhitao
927,16388811,monisoi,"2026-06-18 14:30:51",808.2,2,monisoi
928,16377725,"Komil Parmar","2026-06-25 14:58:56",808.1,2,komilparmar
929,16398539,Hamachi,"2026-06-27 22:27:10",808.1,2,hamatz
930,16386266,"Ryosuke Aihara","2026-06-18 05:57:09",808.1,2,ryosuke804
931,16382643,"haruki nishio","2026-06-27 14:08:52",808.0,2,"harukinishio,kimihina666"
932,16391949,ばう,"2026-06-27 23:53:01",807.8,2,zenqkaggle
933,16375885,nishikawa,"2026-06-28 01:00:05",807.7,2,akiranishikawa0621
934,16379820,"Soichiro Kuribayashi","2026-06-27 14:30:39",807.5,2,soichirokuribayashi
935,16375377,Mymonaka,"2026-06-19 19:12:09",807.4,2,icemonaka
936,16376326,Pacomin,"2026-06-17 05:43:38",807.2,2,pcmn1000
937,16374021,（かえる）,"2026-06-27 05:09:06",807.0,2,kaeru039
938,16372921,machapin,"2026-06-18 13:26:22",807.0,2,machapin
939,16411534,TGMATH,"2026-06-25 10:18:13",806.8,2,tgmath
940,16389186,Ry_Sa,"2026-06-21 11:30:53",806.6,2,ryqsaq
941,16372445,ADS,"2026-06-25 04:56:37",806.5,2,hiro0920
942,16375681,dnish,"2026-06-18 17:16:44",806.5,2,dnishio
943,16377120,"Boiled Nail","2026-06-21 15:26:50",806.2,2,"boilednail,toroihamokuba"
944,16405091,"Jake L and Kevin L","2026-06-22 06:20:39",806.2,2,kevinleenyc
945,16385373,"Yuta Watanabe","2026-06-23 09:09:40",806.1,2,nkbkyumaru2303
946,16376293,"The Rocket Science","2026-06-27 15:59:43",805.9,2,"caryan,yutotkg"
947,16385277,AEONcorridor,"2026-06-27 01:27:04",805.8,2,aeoncorridor
948,16399143,大野ユウラ,"2026-06-28 01:31:29",805.7,2,aurora4869
949,16374323,"Harsh Patel","2026-06-28 01:30:10",805.5,2,harshpatel1692
950,16376997,denden12,"2026-06-27 16:14:38",805.5,2,denden12
951,16377830,"Otsuka Naotsugu","2026-06-17 14:57:23",805.3,2,otsukanaotsugu
952,16374086,taopy2,"2026-06-24 14:48:55",805.3,2,taopy2
953,16382937,難波彰史,"2026-06-18 14:03:47",805.0,2,s1300061
954,16378118,WEcoS,"2026-06-27 14:14:54",804.9,2,aungkhainghtun
955,16375942,perrodawn,"2026-06-27 11:16:42",804.9,2,"perrodawn,rb25det,toranosukenoda"
956,16386110,"Jonathan Coletti","2026-06-24 03:31:29",804.4,2,jonathanncoletti
957,16412662,HughTCG,"2026-06-27 02:50:21",804.2,2,hughtcg
958,16409101,bokukaraijo,"2026-06-21 16:09:10",804.0,1,bokukaraijo
959,16371791,MeMu,"2026-06-27 14:37:57",803.9,2,memutsuki
960,16399212,Seiyo,"2026-06-27 18:53:07",803.9,2,seiyoo
961,16437937,tenajima,"2026-06-27 09:01:57",803.8,2,tenajima
962,16378484,"AKIYA NAKASATO","2026-06-17 22:09:53",803.7,2,akiyanakasato
963,16382021,yamamon,"2026-06-25 23:57:38",803.4,2,yamamon
964,16380504,"Tsubasa Kanno","2026-06-28 00:10:12",803.3,2,tsubasatech
965,16371523,ポケポケマスター,"2026-06-27 16:36:03",803.2,2,isakatsuyoshi
966,16430712,"MD. Nazmus Sakib Anik","2026-06-27 15:39:37",803.2,2,beyondlogic
967,16376592,"Koki Kawamura","2026-06-23 15:14:40",802.7,2,kiuko22
968,16440818,bassa_hosi,"2026-06-28 00:04:32",802.2,2,bassahosi
969,16372033,"Kazuhiro O","2026-06-19 12:41:53",802.0,1,kazuhiroo
970,16387389,DaiPh,"2026-06-27 14:36:31",801.8,2,"jumpingdaidai,phoebe0511"
971,16385009,soju,"2026-06-25 19:55:10",801.5,2,rwqiowro
972,16383513,cmoney,"2026-06-24 04:32:28",800.6,2,chrisspears
973,16379073,"Wisdom Dogah","2026-06-22 05:33:41",800.6,2,wisdomdogah
974,16430550,Ant,"2026-06-27 00:09:53",800.6,2,anthonytrevino
975,16390165,"LIn Lin","2026-06-25 09:26:36",800.3,2,"andyyou,linbao2001"
976,16378742,rian55,"2026-06-26 03:08:24",800.3,2,rian55
977,16378360,"ABC Leokin-TV","2026-06-22 13:04:00",800.0,2,abcleokintv
978,16385790,Leocthl,"2026-06-20 15:27:21",799.9,2,"leocthl,marcus999"
979,16405743,PokePoke-777,"2026-06-27 12:26:18",799.6,2,pokepoke777
980,16374302,Will,"2026-06-27 07:25:49",799.5,2,wguesdon
981,16380164,nikechan,"2026-06-27 03:11:07",799.2,2,nikehasegawa
982,16413763,"Furkan Pirinc","2026-06-26 08:35:32",799.1,2,fpirinc
983,16414073,"WheeGyeom Kim","2026-06-26 07:06:22",799.1,2,iker7027
984,16385968,"Angus Chang","2026-06-27 09:54:14",799.1,2,andrew60909
985,16387043,monnu,"2026-06-27 15:35:47",798.5,2,fuumin621
986,16377470,"Pranesh Jayasundar","2026-06-18 03:50:29",798.5,2,praneshjayasundar
987,16395861,Togo,"2026-06-27 21:28:26",798.5,2,"matsudai,togoiwasaki"
988,16377453,"Gururaj Krishna Sharma","2026-06-21 14:37:22",798.4,2,gururajsharma
989,16376876,"Masatoshi Hidaka","2026-06-26 06:25:30",798.3,2,masatoshihidaka
990,16372261,rikakei_no_otaku,"2026-06-27 18:19:58",798.3,2,whitelily
991,16372987,fie_plachta,"2026-06-25 21:59:09",798.0,2,fieplachta
992,16376736,redm,"2026-06-23 02:34:40",797.8,2,michaelmilstead
993,16375430,nanannan,"2026-06-27 09:59:56",797.6,2,minamiminami
994,16375449,"THE A TEAM","2026-06-18 15:50:37",797.4,2,stevefloresswwwq
995,16387852,Fri314,"2026-06-18 10:08:41",797.4,1,fri314
996,16373161,"Night March","2026-06-22 10:26:15",796.7,2,"kkuroda2606,pachuru"
997,16393158,Takupon,"2026-06-20 14:36:32",796.7,2,takubro
998,16399701,Noir,"2026-06-27 07:07:23",796.3,2,nuitnoir
999,16375221,PokeBotty,"2026-06-17 20:53:54",796.2,2,pokebotty
1000,16385242,Kana,"2026-06-24 03:22:54",796.0,2,kanarusugimoto
1001,16392356,shintaro2026,"2026-06-21 07:47:45",795.9,2,shintaro2026
1002,16377183,Codyzzzz,"2026-06-20 06:54:03",795.4,2,codyzzzz
1003,16410898,Humbletofu,"2026-06-27 00:46:15",795.3,2,humbletofu
1004,16374742,"Gotta Prompt ’Em All","2026-06-27 17:08:59",795.1,2,mik123456
1005,16406814,溶岩,"2026-06-23 13:02:12",795.0,2,yoganmagin
1006,16376061,Shoto,"2026-06-27 08:30:23",794.6,2,bloodymonday
1007,16411158,"Amon Shibata","2026-06-28 00:44:35",794.6,2,amonshibata
1008,16395622,Shibungi,"2026-06-22 04:23:49",794.4,2,shibungi
1009,16392785,"Vishesh Banna","2026-06-27 08:37:52",794.3,2,visheshbanna
1010,16376936,"Tak Jim","2026-06-17 13:07:21",794.2,2,tak3jim
1011,16377039,"Ricky Yuen","2026-06-22 04:41:41",794.0,2,yuenricky
1012,16403359,"SK Arin","2026-06-22 03:14:28",793.9,2,skarin
1013,16376672,"Yuto Umehara","2026-06-24 02:48:58",793.8,2,yutoumehara
1014,16382497,Fayche,"2026-06-27 16:18:09",793.7,2,fayche
1015,16380730,hashimu,"2026-06-25 13:29:04",793.7,2,hashimu
1016,16372698,"Samuel Verneri Ojala","2026-06-16 18:40:33",793.4,2,samuelverneriojala
1017,16404939,GeniusYY,"2026-06-25 17:45:14",793.4,2,alexyy
1018,16375028,"Zero Mexico","2026-06-21 22:06:26",793.3,2,"shootzjmr,zeromexico,ztichna"
1019,16386861,ayato_suzuki10,"2026-06-23 22:59:29",792.6,2,ayatosuzuki10
1020,16380153,gonbe,"2026-06-25 21:51:30",792.6,2,"gonbe99,tacpcg"
1021,16381113,kujitama,"2026-06-23 14:04:20",791.6,2,tyamujin
1022,16373867,tomoki225255,"2026-06-19 07:20:31",791.5,2,tomoki225255
1023,16381188,SUN,"2026-06-23 17:20:57",791.1,2,taiyohosokawa
1024,16377675,"Darren Koh","2026-06-21 06:15:01",790.8,2,darrenkoh
1025,16414174,tarako,"2026-06-23 09:19:48",790.7,2,haruto2001
1026,16372467,Kuuma5,"2026-06-18 05:50:11",790.6,2,kuuma5
1027,16371755,yuki,"2026-06-27 11:56:20",790.6,2,yururoi
1028,16385442,ShiumAI,"2026-06-27 13:04:59",790.4,2,ito428
1029,16374024,ipruning,"2026-06-18 10:58:49",790.2,2,ipruning
1030,16407472,結君水鶏口,"2026-06-22 17:07:55",790.1,2,ykuina
1031,16433332,"Amedeo Biolatti","2026-06-26 13:22:36",790.1,2,abiolatti
1032,16373900,Tyrker,"2026-06-21 21:05:51",789.9,2,polregyborja
1033,16381335,hannahepta,"2026-06-20 02:15:18",789.5,2,hannaheptapodt
1034,16422428,Денис,"2026-06-27 06:11:54",789.5,2,dambek
1035,16374286,Shanghai,"2026-06-17 14:21:36",789.4,2,kaiyamurakami
1036,16386610,joicygiore,"2026-06-25 04:06:05",789.4,2,joicygiore
1037,16371601,"Hayato AIDA","2026-06-22 15:23:18",789.4,2,h4eida
1038,16380981,IIDA,"2026-06-26 17:12:44",788.6,2,shunyaiida
1039,16429192,Reki,"2026-06-27 21:28:31",788.6,2,ruichardliu
1040,16408249,"Ryosuke SHIMIZU","2026-06-27 00:00:27",788.5,2,tttgazerttt
1041,16376735,"Riku Suzuki","2026-06-24 14:25:25",788.5,2,r1cky7
1042,16401588,"zhang et al.","2026-06-28 00:32:08",788.5,2,"alancai27,mger10,stepheneshundanquah,thtennant,tomiwaakingbade"
1043,16374974,Shiri,"2026-06-25 10:57:44",787.6,2,kennethbryan13
1044,16397773,SuicuneGS,"2026-06-24 05:53:25",787.5,2,suicunegs
1045,16382778,"Ken Page","2026-06-27 05:58:38",787.4,2,kenpage
1046,16426945,ayasse,"2026-06-24 13:06:43",787.0,1,ayasse
1047,16402239,hinata1119,"2026-06-20 13:37:02",787.0,1,hinatafukasaku
1048,16372539,Takibi,"2026-06-24 23:57:19",786.8,2,takibi
1049,16379522,hibi,"2026-06-17 18:31:41",786.7,2,hibi2571
1050,16379289,wkonishi,"2026-06-23 04:43:05",786.7,2,wkonishi
1051,16378235,SuperNorman,"2026-06-25 02:46:34",786.6,2,supernorman
1052,16400220,kurota0612,"2026-06-25 12:37:46",786.5,1,yuichit
1053,16411511,hyonu0620,"2026-06-26 03:53:31",786.3,2,hyonu0620
1054,16377518,"Jagannath Athmaraman","2026-06-18 00:59:17",786.0,2,jagannathathmaraman
1055,16372108,hatakazu93,"2026-06-27 08:41:58",785.8,2,hatakazu93
1056,16419163,Xander,"2026-06-27 17:49:23",785.8,2,canqiang
1057,16381527,masaxsuzu,"2026-06-17 13:27:25",785.6,1,masaxsuzu
1058,16381205,"Light Musing","2026-06-25 09:46:57",785.5,2,sunnyk92
1059,16375080,"Adrian Dubois","2026-06-16 21:58:44",785.1,1,adriandubois
1060,16372591,Boseiju,"2026-06-18 13:09:42",784.9,2,brechtf
1061,16388648,arutoria,"2026-06-27 01:52:25",784.9,2,arutori0ebi
1062,16428601,Birusupi,"2026-06-28 00:53:17",784.8,2,s3tnnyvpgr
1063,16388193,"Astandri K","2026-06-18 10:47:45",784.7,1,astandrik
1064,16389479,Bata09,"2026-06-27 01:46:34",784.5,2,bata09
1065,16393925,shimejimeshi,"2026-06-27 05:43:59",784.4,2,shimejimeshi
1066,16373297,"need a job (we're unemployed)","2026-06-27 19:34:28",784.3,2,"belati,nicholasarditirta,philbertmayer,vanitasss,winotohasyim"
1067,16381577,suzutanuki,"2026-06-21 05:34:27",784.3,2,suzutanuki
1068,16372843,trisector,"2026-06-17 02:06:41",784.3,2,trisector
1069,16375635,ktr,"2026-06-25 22:07:38",784.2,2,kcotton21
1070,16381024,kosumo77,"2026-06-18 05:20:37",784.1,1,kosumo77
1071,16375401,Ruhex,"2026-06-27 02:04:01",784.1,2,ruhex9258
1072,16408188,Shuzo,"2026-06-22 23:42:59",784.0,2,shuzo66
1073,16375434,OKDI,"2026-06-22 02:47:26",783.5,2,"kemo16858,ssk1217,toratako,yutoochi"
1074,16405045,"half pizza","2026-06-23 13:15:29",783.5,2,halfpizza
1075,16395904,ruce015555,"2026-06-24 18:33:35",783.4,2,ruce015555
1076,16414196,Yam,"2026-06-23 06:15:20",783.2,1,minyam
1077,16382678,"Felipe Garcia","2026-06-27 14:18:34",783.0,2,felipegarciaw
1078,16392402,FJMT,"2026-06-28 00:40:59",782.8,2,masatoshifujimoto
1079,16373415,"Pikachu, I choose you!","2026-06-26 00:50:43",782.7,2,"shoheiyoshimoto,shunsukesumi"
1080,16425631,"qianbao hou","2026-06-24 06:41:50",782.6,1,qianbaohou
1081,16374395,Majkel1337,"2026-06-27 21:12:47",782.4,2,majkel1337
1082,16381373,Fuzoku,"2026-06-23 02:45:25",782.3,2,"kento28,kobuyaki,musyokutoumei"
1083,16376420,MakiMakiAi,"2026-06-26 03:32:59",782.2,2,makimakiai
1084,16372551,テライFACC,"2026-06-28 01:24:24",782.1,2,keyholderterai
1085,16387022,"Asa-sotta ","2026-06-25 01:58:18",781.9,2,asasotta
1086,16383433,"Kun Zhang","2026-06-26 15:10:52",781.7,2,beicicc
1087,16380692,ささきん,"2026-06-26 22:34:06",781.5,2,sasakin
1088,16371611,gosu.Kouts,"2026-06-24 00:14:52",781.4,2,gosukouts
1089,16378362,Tanupro,"2026-06-27 05:50:16",781.3,2,tanupro
1090,16376085,y.saito,"2026-06-20 03:29:04",781.2,2,johntronik
1091,16384218,AlphaMon,"2026-06-24 02:14:43",781.2,2,hobbisttech
1092,16410503,"Fran Milla","2026-06-27 09:41:26",780.4,2,franmillaab
1093,16393586,starclan,"2026-06-21 01:54:27",780.1,2,starclan
1094,16376399,kashort,"2026-06-18 01:47:40",780.1,2,kashort
1095,16377190,mochamocha_Y,"2026-06-26 08:58:20",780.1,2,mochamochay
1096,16382393,Tia_Stella,"2026-06-27 11:03:18",779.8,2,tiastella
1097,16396406,"Yuki Suwa","2026-06-19 20:08:01",779.8,1,yukisuwa
1098,16372916,Ichigo_E,"2026-06-28 00:01:55",779.8,2,ichigoe
1099,16375931,"Kaito Fukami","2026-06-19 14:08:45",779.5,2,kaitofukami
1100,16406858,BinomialSheep,"2026-06-27 20:28:55",779.4,2,binomialsheep
1101,16395443,minfaox3,"2026-06-21 14:54:27",779.3,2,minfaox3
1102,16410794,szyulian,"2026-06-26 04:35:08",778.9,1,szyulian
1103,16402961,PokéPoké,"2026-06-25 14:57:11",778.7,1,"marwanashref,shiru2"
1104,16392353,"Ryusei Nishide","2026-06-26 06:18:48",778.7,2,nishidedev
1105,16378091,prod1gy,"2026-06-22 05:12:39",778.3,2,"alexliang817,borealis27"
1106,16381378,SUGI,"2026-06-25 18:27:25",778.2,2,sugi777
1107,16381038,kuto,"2026-06-26 14:06:49",777.6,2,kuto0633
1108,16401576,t.eno,"2026-06-27 07:08:19",777.5,2,iinotomoki
1109,16408628,DiuDiu,"2026-06-27 12:56:06",777.4,2,chrouos
1110,16393859,"Jesús Martín Fernández","2026-06-19 10:58:03",776.9,1,jessmartnfernndez
1111,16388382,aigood,"2026-06-18 11:36:50",776.7,2,aigood
1112,16381675,"Amon Kizawa","2026-06-26 06:39:46",776.6,2,amonkizawa
1113,16382865,"Kazuki Shiraishi","2026-06-26 14:25:24",776.6,2,shirapon24
1114,16388862,"fabio rovai","2026-06-21 19:13:50",776.4,2,fabiorovai
1115,16392357,HiroyukiSasaki,"2026-06-28 01:26:48",776.4,2,hiroyukisasaki815
1116,16394860,YugoHamada,"2026-06-19 13:56:07",776.4,1,yugohamada
1117,16372506,"Wataru Ogasa","2026-06-22 02:23:34",776.3,2,wataruogasa
1118,16395911,sashimi0402,"2026-06-23 11:41:06",775.8,2,sashimi0402
1119,16377610,prime,"2026-06-26 05:11:17",775.5,2,masaakitakane
1120,16385145,"Yaro Perventsev","2026-06-24 23:45:00",775.1,2,yaroslavperventsev
1121,16404846,Dmitriy,"2026-06-21 11:34:38",775.1,2,dmitriybty
1122,16413672,nakayashiki697,"2026-06-27 13:57:00",775.1,2,nakayashiki697
1123,16440704,"Fidèle José kOUAGOU","2026-06-26 23:54:49",775.0,1,fidlejoskouagou
1124,16401999,kuritamar,"2026-06-27 15:39:02",774.9,2,kuritamar
1125,16426076,Alghital,"2026-06-25 07:50:37",774.7,2,alghital
1126,16379911,KanngaiAgriculture,"2026-06-21 15:42:58",774.5,2,kanngaiagriculture
1127,16405739,Moricha27,"2026-06-25 02:55:50",774.4,2,moricha27
1128,16375478,Herrmannw,"2026-06-17 19:54:35",774.4,2,herrmannw
1129,16380651,もたざる,"2026-06-26 13:38:00",774.3,2,havenox
1130,16402617,bohemian3657,"2026-06-27 18:30:18",774.3,2,bohemian3657
1131,16376488,Danny,"2026-06-21 23:45:07",773.9,2,dannybc
1132,16403330,Hiyato,"2026-06-20 16:13:59",773.7,2,hiyato
1133,16388607,"Rivals Duo","2026-06-24 10:19:19",773.7,2,"ccafioncool,jashsurendra"
1134,16376395,"Alan Scott Encinas","2026-06-20 03:04:36",773.6,2,encinas88
1135,16389156,koga_poke,"2026-06-25 13:31:35",773.6,2,kogapoke
1136,16383777,maniginam,"2026-06-28 01:30:03",773.6,2,maniginam
1137,16376162,showtree,"2026-06-26 06:17:09",773.5,2,showtree
1138,16408013,Hayhay2323,"2026-06-24 14:41:29",773.5,2,hayhay2323
1139,16384286,"S. B.","2026-06-21 06:18:30",773.2,2,aughra
1140,16388144,"TAKUTO INOUE","2026-06-28 00:19:12",773.2,2,takutoinoue
1141,16400854,"zumi zumi","2026-06-24 01:00:06",773.0,2,zumillion
1142,16397644,"Mao Nishino (mao1756)","2026-06-21 23:33:39",772.7,2,maonishinomao1756
1143,16380639,Indianelephant,"2026-06-17 21:20:30",772.5,2,indianelephant
1144,16375320,カントー地方マスター,"2026-06-28 01:34:14",772.4,2,"jjinho,ttyn4519"
1145,16382331,"Yunus Emre Sarıduman","2026-06-23 07:24:17",772.1,2,emresariduman
1146,16411115,G_nuoh,"2026-06-23 06:15:39",772.0,2,gi02coffee
1147,16374441,"Finlay Anderson","2026-06-17 01:00:15",771.7,2,finlayanderson
1148,16381625,podenco,"2026-06-17 15:08:18",771.6,2,podenco
1149,16385873,HaogeBob,"2026-06-22 03:37:26",771.0,1,haogebob
1150,16372048,mo84dan5,"2026-06-24 06:11:09",771.0,2,mo84dan5
1151,16394076,"Miltank Lovers","2026-06-25 20:35:16",770.8,2,y305205
1152,16385817,"M Sato","2026-06-20 09:27:21",770.6,1,masasato1999
1153,16379805,keisuketsukagoshi,"2026-06-21 11:55:35",770.6,2,ktsukago
1154,16377993,William_Rod,"2026-06-24 13:55:26",770.4,2,williamrod
1155,16388299,CodeAmansa,"2026-06-23 12:34:54",770.3,2,bcollazo
1156,16380918,tadashikato,"2026-06-26 00:26:03",770.2,2,tadashikato
1157,16395413,cocosu3434,"2026-06-27 01:40:22",770.0,2,cocosu3434
1158,16391723,Satoluca,"2026-06-21 07:37:28",770.0,2,satoluca
1159,16402542,Ryos8515,"2026-06-21 11:47:00",769.6,2,ryos8515
1160,16389742,"Nicholas Low","2026-06-21 07:39:53",769.1,2,lowhorngjiun
1161,16400698,MarineYY,"2026-06-27 10:17:25",769.1,2,marineyy
1162,16424648,Dauthui,"2026-06-24 03:31:51",768.9,1,dauthui
1163,16423857,"Peng Wang","2026-06-28 00:48:45",768.9,2,pengwang91
1164,16376675,Nikukyu,"2026-06-23 09:43:48",768.9,2,tryuno
1165,16376714,atom1231,"2026-06-28 00:13:16",768.8,2,atom1231
1166,16386820,tellurium_rrr,"2026-06-27 17:02:53",768.8,2,telluriumrrr
1167,16389425,"Aisen Lopez-Ramos","2026-06-23 19:30:58",768.7,2,adl5423
1168,16407647,VK,"2026-06-23 08:25:59",768.3,1,venkatkumar001
1169,16389796,gurene-do,"2026-06-24 06:29:25",768.2,2,gurenedo
1170,16375482,takerusQ,"2026-06-18 15:05:44",768.2,2,takerusq
1171,16371393,"Tahsin Arafat","2026-06-22 03:51:09",768.0,2,tahsinarafat
1172,16397955,"kabu strongest legend","2026-06-26 01:32:54",767.9,2,"naksou,watarukawashima"
1173,16371549,"Kunal Aarse","2026-06-17 05:23:20",767.4,1,kunalinfinite
1174,16408826,nakazu,"2026-06-24 08:58:14",767.3,2,nakazu
1175,16394084,s_a_ai_enginner,"2026-06-27 15:32:50",766.8,2,saaienginner
1176,16392823,Saikattyo,"2026-06-27 06:43:21",766.6,2,katsuyasaito
1177,16375384,"Alfonso Sánchez","2026-06-27 12:59:23",766.3,2,alfonso1799
1178,16386714,Kyogre,"2026-06-25 06:24:50",766.0,2,"anvel913,ikejun,leek0113,tokoten0926"
1179,16426948,"Mayu Takagi","2026-06-27 09:21:20",765.9,2,mayutakagi
1180,16400050,pocky34,"2026-06-24 12:55:55",765.6,2,pocky34
1181,16380661,MagicTrashBag,"2026-06-27 21:11:48",765.3,2,magictrashbag
1182,16393428,bambi_create,"2026-06-26 03:31:43",764.9,2,bambicreate
1183,16377539,mands,"2026-06-18 09:09:21",764.8,2,masudashun
1184,16424506,Wawa_shizuka,"2026-06-27 09:34:26",764.8,1,wawashizuka
1185,16417494,"Tommy Mancino","2026-06-28 00:36:02",764.7,2,tommymancino
1186,16372832,"Dian Deng","2026-06-27 05:34:58",764.7,2,diandeng
1187,16381982,HOMEWORK_L,"2026-06-22 11:07:11",764.7,2,homeworkl
1188,16372036,LosiSt,"2026-06-28 01:45:25",764.6,2,losist
1189,16425536,"Tsuyoshi Chiba","2026-06-25 00:39:00",764.4,1,tsuyoshichiba
1190,16385204,ひげだるま(inovie株式会社),"2026-06-27 22:56:30",764.3,2,inovie
1191,16425162,Moegi,"2026-06-27 02:19:36",764.1,2,mooegi
1192,16373683,ini,"2026-06-26 20:40:34",764.1,2,inui0702
1193,16403381,"HIDEYO CHIBA","2026-06-28 01:14:28",763.9,2,hideyochiba
1194,16418966,eurusoo,"2026-06-27 07:18:26",763.8,2,eurusoo
1195,16388406,K3nsho,"2026-06-21 17:18:57",763.8,2,kenshomiyasaka
1196,16373268,"Yoshiki Okayama","2026-06-26 16:32:37",763.8,2,yoshikiokayama
1197,16386877,knomura1703,"2026-06-27 09:17:05",763.5,2,knomura1703
1198,16425800,mk_,"2026-06-24 07:35:31",763.5,1,mk0414
1199,16380828,フクフク,"2026-06-27 22:28:41",763.4,2,hukuhukuchandayo
1200,16381040,thunder_ftg,"2026-06-27 03:19:54",763.4,2,thunderftg
1201,16403475,"Evan Liu","2026-06-21 09:38:13",763.1,1,eevvan7
1202,16387408,ko_kuramoto6,"2026-06-27 10:42:40",763.1,2,kokuramoto6
1203,16403838,kabukicho,"2026-06-22 22:03:53",763.1,2,kabukicho
1204,16439350,"Alexandru Tanasel","2026-06-27 18:03:10",763.0,1,tanasel
1205,16411045,askBillyWhatMamaDid,"2026-06-22 00:54:55",762.9,1,askbillywhatmamadid
1206,16379345,0xWhalet,"2026-06-18 09:00:39",762.5,2,whalet
1207,16407444,MamiMamiko,"2026-06-21 15:17:05",762.4,2,"mamimamiko,sakaguchidai,zerosniper"
1208,16427793,nnc,"2026-06-27 06:57:31",762.3,2,daimarusui3
1209,16385078,H.Ito,"2026-06-28 01:20:14",762.2,2,henriquetakahiroito
1210,16380120,yu24march,"2026-06-20 10:18:57",761.9,2,yu2403
1211,16385383,hatata,"2026-06-26 08:42:44",761.7,2,hatata3737
1212,16391764,DenisEdwards,"2026-06-28 01:05:08",761.6,2,denisedwards
1213,16377404,Kokoro0711,"2026-06-18 13:14:46",761.3,2,kokoro0711
1214,16373910,nakashima723,"2026-06-21 06:39:31",761.3,2,nakashima723
1215,16401132,kanadomekei,"2026-06-27 03:31:31",761.2,2,kanadomekei
1216,16384882,"Cowboy P","2026-06-25 03:13:18",761.0,2,philipwallis
1217,16375728,TmT,"2026-06-23 06:58:14",760.6,2,tamotamo
1218,16372540,A.Ishibashi,"2026-06-21 10:36:32",760.5,2,akihiroishibashi
1219,16389803,nakkan_AI,"2026-06-28 00:35:27",760.4,2,nakkanai
1220,16380888,"yato higa","2026-06-27 06:53:56",760.3,2,yatohiga
1221,16385310,yayoi111,"2026-06-24 02:02:32",760.2,2,tomoyakusama
1222,16387005,東京みらいテック行政書士事務所,"2026-06-24 11:01:40",760.1,2,pocoken99
1223,16392175,fishymints,"2026-06-20 02:22:35",759.7,1,ayinfly
1224,16388902,"Hikaru Umeyama","2026-06-23 15:30:25",759.6,2,umetaiyaki
1225,16413375,"Shanmoshibo Heng","2026-06-25 01:22:16",759.6,2,shanmoshiboheng
1226,16375840,わかくさコーン,"2026-06-21 01:13:47",759.6,2,kumakuratomoya
1227,16384927,keiz,"2026-06-27 23:30:27",759.5,2,keizkeiz
1228,16432519,"Shuang Ranse","2026-06-27 09:51:03",759.0,2,shuangranse
1229,16382484,DaifukuMochi,"2026-06-19 04:43:31",758.9,2,"ayane0111,yukimee"
1230,16394786,Taimo,"2026-06-27 14:48:32",758.9,2,taikimori
1231,16430143,KAgent71,"2026-06-26 15:22:07",758.8,2,Rlax71
1232,16426707,NiniSan,"2026-06-27 14:59:26",758.3,2,ninisan
1233,16385575,Charon,"2026-06-27 15:44:45",758.2,2,charon9
1234,16442526,tai,"2026-06-27 10:19:30",758.2,1,nemutai64
1235,16417302,hbchao,"2026-06-23 00:48:14",758.1,1,hbchao
1236,16373379,"Mogja J","2026-06-27 20:32:40",757.9,2,mogjaj
1237,16386315,ミズゴロウ,"2026-06-27 13:38:49",757.7,2,akiteru6
1238,16385391,ぽいぽいスプラッシュ,"2026-06-21 07:16:31",757.5,1,"bamutaro,sayu1201"
1239,16392754,Tom,"2026-06-27 23:04:49",757.4,2,"russcore,tom99763"
1240,16375648,"Natsuki Kasubata","2026-06-23 00:00:51",757.2,2,natsukikasubata
1241,16377606,"Takuro Abe","2026-06-18 05:48:04",757.0,2,takuroabe
1242,16425135,Rmy,"2026-06-26 04:25:31",756.6,2,mekory
1243,16372632,YukihiroMaeda,"2026-06-27 07:18:56",756.6,2,yukihiromaeda
1244,16395207,"Abeeb Adesina","2026-06-25 19:15:44",756.4,2,adesinaabeeb
1245,16378278,keitaro_nakashima,"2026-06-23 08:58:25",756.3,2,keitaronakashima
1246,16378759,Matsuda040708,"2026-06-17 07:19:38",756.2,1,matsuda040708
1247,16376836,皮卡丘战队,"2026-06-19 12:22:33",755.9,1,batchevall
1248,16414079,"Aman Sharma","2026-06-24 15:02:51",755.8,2,aman5153684
1249,16404856,chiri.,"2026-06-27 16:10:46",755.6,2,so10436
1250,16385764,POKEDEMIA_ISSEI,"2026-06-27 02:36:41",755.5,2,pokedemiaissei
1251,16399820,Kagura_UT,"2026-06-23 14:13:08",755.4,2,tatsuhikou
1252,16377432,kapenon,"2026-06-19 14:36:25",755.3,1,kapenon
1253,16385763,moe,"2026-06-23 22:25:06",755.3,2,caramoe
1254,16392439,xo_oblz,"2026-06-24 00:08:35",755.1,2,xooblz
1255,16390991,Samsay24,"2026-06-24 10:58:17",755.0,2,samsay23
1256,16375373,owaowata,"2026-06-22 15:00:21",754.9,2,owaowata
1257,16382438,ayaya09,"2026-06-22 09:06:30",754.8,2,ayaya09
1258,16384871,Plamen,"2026-06-28 00:49:21",754.6,2,plamen06
1259,16374904,CPAO,"2026-06-26 20:12:47",754.5,2,"jgrimesey,sirfelyne"
1260,16375381,"Team Rockets MAGIKARP","2026-06-25 19:34:39",754.5,2,"opulentisaeon,ren2140"
1261,16378981,"Atomu Naka","2026-06-27 15:31:17",754.2,2,atomunaka
1262,16376500,eierapfelxx,"2026-06-20 10:14:43",753.7,2,eierapfelxx
1263,16404743,tahi,"2026-06-26 10:33:28",753.6,2,tahisan
1264,16440497,BackFiring,"2026-06-27 20:44:10",753.6,2,backfiring
1265,16381237,TakosukeAI,"2026-06-18 15:24:01",753.5,1,takosukeai
1266,16388938,osam,"2026-06-23 14:44:21",753.5,2,mitsuya2635
1267,16372963,"Eruto Kondo","2026-06-25 13:35:12",753.5,2,erutokondo
1268,16375757,gtansu,"2026-06-27 14:19:20",753.3,2,gtansu
1269,16375546,\bleel00,"2026-06-27 13:54:08",753.0,2,bleel00
1270,16427548,ttmn,"2026-06-27 06:57:21",752.8,2,koheitsutsumi
1271,16431830,"kaneko takafumi","2026-06-27 15:40:56",752.8,2,kanekotakafumi
1272,16373672,Yamadai,"2026-06-18 06:02:36",752.7,2,yamamotodaiki00
1273,16412000,shosemaru,"2026-06-27 22:09:11",752.7,2,shoseiyamaguchi
1274,16382928,kuu🍣,"2026-06-27 20:09:50",752.4,2,fumiyakume
1275,16386538,mtskggle,"2026-06-24 16:06:10",752.2,2,matsusakaggle
1276,16389408,PokeMoE,"2026-06-23 16:46:17",751.8,2,"oimotmg,shikachii"
1277,16384892,digimagi,"2026-06-28 00:13:26",751.5,2,digimagi
1278,16399469,zunzun_ikouze,"2026-06-26 14:42:52",751.3,2,zunzunikouze
1279,16392278,nisimu197,"2026-06-19 16:07:15",751.2,2,nisimu197
1280,16425522,8ball,"2026-06-26 07:49:51",750.8,2,miyatacaio
1281,16392430,HoooosE,"2026-06-19 05:39:53",750.7,1,hoooose
1282,16388614,安藤駿介,"2026-06-25 11:43:21",750.6,2,andoshunsuke
1283,16387453,naoido,"2026-06-24 14:09:33",750.6,2,naoido
1284,16380738,jalp,"2026-06-27 15:07:34",750.5,2,jpanvel
1285,16386006,Xxbozohead,"2026-06-26 07:44:32",750.4,2,ryanongwx
1286,16372425,tsukammo,"2026-06-24 17:54:13",750.2,2,tsukammo
1287,16382159,reitan4742,"2026-06-27 14:26:57",750.2,2,reitan4742
1288,16375704,Kazeneko,"2026-06-17 18:37:21",749.9,1,kazeneko77
1289,16376223,電気通信ポケモン大学,"2026-06-27 18:34:14",749.9,2,"ncookie0123,reonishida,sashiyatakeguchi,sh1n1230,yuki67"
1290,16376107,Zscorpio,"2026-06-19 21:39:40",749.9,2,seayoung1112
1291,16421075,teetru,"2026-06-27 14:47:01",749.9,2,teetru
1292,16376532,"Ryosuke Takeda","2026-06-25 01:00:42",749.8,2,ryosuketakeda
1293,16378130,kinakomochi,"2026-06-18 06:03:37",748.9,2,kinakomochi
1294,16374538,"Aaron Fletcher","2026-06-27 09:54:29",748.8,2,aaronfletcher
1295,16387935,Kento_1938,"2026-06-21 11:17:07",748.6,2,kento1938
1296,16377244,"pino 70122","2026-06-27 15:47:30",748.2,2,pino70122
1297,16385162,STR-PAPA,"2026-06-22 10:15:07",748.1,2,daikikanematsu
1298,16377095,miura-iori,"2026-06-26 06:25:49",747.9,2,miuraiori
1299,16373075,"Naoki Okuda","2026-06-17 16:29:21",747.8,1,naokiokuda
1300,16403742,mojao,"2026-06-28 01:45:24",747.8,2,mojamojao
1301,16383648,idk,"2026-06-26 07:21:28",747.7,2,erraticum
1302,16393396,nifuramu,"2026-06-27 09:09:29",747.7,1,nifuramu
1303,16392427,"Gengar Gangsters","2026-06-22 19:14:53",747.5,2,tafhimchowdhury
1304,16373908,"Rin'z Uznir","2026-06-28 00:01:10",747.4,2,rinzuznir
1305,16373763,Tensa.bit,"2026-06-21 18:59:50",747.4,2,tensabit
1306,16385573,"Kasra Rahjerdi","2026-06-20 22:36:15",747.1,2,krahjerdi
1307,16385371,"Shoya Kurokawa","2026-06-19 22:17:31",746.4,2,shoyakurokawa
1308,16382054,"Shakthi Kondamoni","2026-06-18 15:45:19",746.3,1,shakthikondamoni
1309,16391939,PP.TAKEHIRO_KAWADA,"2026-06-27 22:55:01",745.9,2,pptakehirokawada
1310,16381517,tomato414941,"2026-06-22 12:16:06",745.8,2,tomato414941
1311,16379435,chenyZan,"2026-06-17 13:00:19",745.8,2,chenyzan
1312,16380615,tellusium,"2026-06-27 09:56:03",745.7,2,tellusium
1313,16440711,Satokenize,"2026-06-28 00:07:33",745.5,2,satokenize
1314,16376267,sakupoyoooon,"2026-06-17 07:15:19",745.4,1,sakupoyoooon
1315,16382600,"Emanuel Perez","2026-06-27 04:25:25",745.1,2,emanperez28
1316,16398199,"Alex Boyd","2026-06-26 09:49:55",744.9,2,alexrayboyd
1317,16382526,高山龍馬,"2026-06-26 16:11:37",744.8,2,ryomaryoma777
1318,16383304,BuffaloMike,"2026-06-19 15:34:46",744.5,2,buffalomike
1319,16388864,テツノバスタ,"2026-06-18 14:43:45",744.4,1,"ayaponzu2525,calcifer2525,himachine"
1320,16380063,"Leopard Jaguar","2026-06-18 03:19:54",743.0,2,hirotototo
1321,16404091,OSZ8,"2026-06-22 03:28:52",742.8,2,oscarz8
1322,16424512,Arbidos,"2026-06-24 00:40:57",742.8,1,arabidopsisthalian
1323,16382067,ベイズVMAX,"2026-06-26 09:08:09",742.7,2,syaron10
1324,16396272,"Terminal 7","2026-06-28 00:20:27",742.4,2,mry539
1325,16385500,"Takao Mizuno","2026-06-23 13:38:34",742.3,2,mzntaka0
1326,16382322,yanakatsu,"2026-06-26 15:42:19",742.2,2,yanakatsu
1327,16393140,yasu,"2026-06-27 14:34:59",742.2,2,yasutakababa
1328,16385671,"Spanish Duck","2026-06-21 05:58:12",742.1,2,spanishduck
1329,16381197,SoPro,"2026-06-19 00:44:34",742.1,2,"ddrtraveler,fuzorizumu,meshigakari"
1330,16380242,Nullx2,"2026-06-25 12:31:46",742.0,2,jack3low
1331,16375793,nyoomp,"2026-06-18 03:37:04",741.9,2,paul374
1332,16385629,taka548,"2026-06-18 02:41:06",741.8,1,taka548
1333,16400218,radian0523,"2026-06-25 02:24:59",741.8,2,oonishidaichi
1334,16371761,Chikuwabu,"2026-06-24 14:24:33",741.7,2,prgckwb
1335,16422356,y_nakai390,"2026-06-28 00:49:31",741.6,2,afmanyu
1336,16416507,"Huttonion Inc","2026-06-23 18:30:24",741.5,2,huttonioninc
1337,16386255,からし,"2026-06-21 06:49:49",741.5,2,karax66
1338,16383194,t-hash1995,"2026-06-25 12:06:30",740.9,2,thash1995
1339,16377577,ryuki1101,"2026-06-27 10:19:54",740.8,2,ryuki1101
1340,16385285,Nora,"2026-06-27 11:23:12",740.7,2,toshiharuyabe
1341,16377403,"Sumant V J","2026-06-27 10:55:51",740.4,2,sumantvj
1342,16421789,Ryan,"2026-06-23 15:25:07",740.4,1,ryanet
1343,16391718,東　勇介,"2026-06-22 15:12:18",740.0,1,yusuke0111
1344,16391863,cannotflypig,"2026-06-24 04:34:02",739.5,2,cannotflypig
1345,16385824,"[Deleted] 0e0ece22-59bf-4783-a38a-548ae01e7bea","2026-06-18 21:44:00",739.4,2,del=11a4fcd604048af3
1346,16382683,katsuya-pokeca,"2026-06-27 14:20:54",739.2,2,katsuyapokeca
1347,16371915,nun,"2026-06-26 12:58:59",739.1,2,ayumusaito
1348,16373242,"GIVE ME A JOB","2026-06-19 02:31:04",738.9,2,tarokogawa
1349,16383532,kibake,"2026-06-22 12:31:44",738.8,2,kibake
1350,16375124,openrasmus,"2026-06-19 18:04:54",738.8,2,openrasmus
1351,16393228,sryo,"2026-06-24 13:55:43",738.7,2,sryo188558
1352,16391965,Ras,"2026-06-25 02:29:28",738.4,2,charlescocherl
1353,16381426,suruli,"2026-06-27 22:36:53",738.1,2,suruli0202
1354,16381878,DaisukeFukuda6636,"2026-06-18 13:00:52",737.8,2,daisukefukuda6636
1355,16403723,"Djenk Ivanov","2026-06-24 17:30:22",737.6,1,djenkivanov
1356,16384833,dkyk,"2026-06-26 14:07:57",737.2,2,dannybk
1357,16380192,tk,"2026-06-28 01:28:22",737.2,2,tanakar
1358,16415198,原田純平,"2026-06-23 15:45:36",737.2,2,jumpei0618
1359,16394523,TwinTV,"2026-06-20 17:47:47",737.1,2,"tinautran,yelloweevee"
1360,16375697,ryus1234,"2026-06-27 06:37:28",736.8,2,ryus1234
1361,16383381,Mereci,"2026-06-26 17:49:44",736.4,2,mereci
1362,16405170,stale2000,"2026-06-24 19:45:27",736.4,2,bryanwade
1363,16402154,"lxh unbound","2026-06-27 09:47:33",736.4,2,lxhunbound
1364,16372043,tarou_imokenpi,"2026-06-24 11:36:12",736.3,2,tarousanimo
1365,16375954,yu_gotou,"2026-06-23 02:08:12",736.0,2,yugotou
1366,16381504,かすみさんち,"2026-06-27 15:41:34",735.9,2,fummaeda
1367,16420157,"Yuu K","2026-06-27 10:55:13",735.8,2,yuuk9090
1368,16378303,suh-sunaneko,"2026-06-17 08:01:21",735.8,2,suhsunaneko
1369,16398371,"hirotaka kaminishi","2026-06-27 12:57:12",735.7,2,hirotakakaminishi
1370,16382768,tanitou,"2026-06-23 03:02:15",735.5,2,tanitou
1371,16371969,Latitu,"2026-06-18 00:39:32",735.4,2,latitu
1372,16428730,"Douglas Winston","2026-06-25 02:41:01",735.3,1,douglaswinstonr
1373,16414861,Wellch,"2026-06-22 14:21:46",735.3,1,wellch
1374,16376790,"Hiểu Vy","2026-06-24 18:24:40",735.3,2,thangnm1
1375,16382386,BarrelAged,"2026-06-27 02:20:03",735.3,2,johnhosack
1376,16375680,pensukesan,"2026-06-19 09:17:00",734.5,2,pensukesan
1377,16373017,EL,"2026-06-27 05:11:32",734.4,2,raphaelgusmao
1378,16377819,oisho,"2026-06-20 12:41:33",734.4,2,oishoes
1379,16395686,"Clark Kitchen","2026-06-27 23:46:57",734.3,2,clarkkitchen
1380,16404778,"Takuma Sakamoto","2026-06-28 01:37:04",734.3,2,takuma0417
1381,16394353,KojiKRSE,"2026-06-28 00:00:52",734.0,2,kojikrse
1382,16392551,takentake,"2026-06-26 01:33:55",733.5,2,takentake
1383,16406902,NeckBeard,"2026-06-28 01:20:05",733.3,2,akihiroorita
1384,16375409,nimous,"2026-06-21 06:59:41",733.2,2,nimous
1385,16381447,"Yukari Kotoha","2026-06-23 23:07:33",733.2,2,yukarikotoha
1386,16385289,"yuichiro miyamae","2026-06-18 02:27:32",733.0,2,yuichiromiyamae
1387,16371746,HIrora10,"2026-06-26 15:46:02",732.5,1,hirora10
1388,16388413,Fomo,"2026-06-26 14:27:34",732.5,2,ppxiaomo
1389,16388677,"Mokuren Narisawa","2026-06-27 12:49:31",732.2,2,mokurennarisawa
1390,16371677,TMiki,"2026-06-27 10:59:41",731.7,2,tomohiromiki
1391,16397283,"Yuto Uesugi","2026-06-22 15:57:07",731.7,2,yutouesugi
1392,16419421,williamm,"2026-06-27 06:03:47",731.7,1,williamm7
1393,16373209,nakusnakus,"2026-06-18 16:53:52",731.6,2,nakusnakus
1394,16373998,yusuke0723,"2026-06-18 09:02:09",731.1,2,yusuke0723
1395,16380825,baudo828,"2026-06-18 14:54:09",731.0,2,baudo828
1396,16373599,Thomas,"2026-06-28 01:32:34",731.0,2,tommurakami
1397,16374798,"Rishav Dutta","2026-06-27 20:47:34",730.8,2,dutta64
1398,16380566,hiroyuki-sh,"2026-06-28 00:39:26",730.6,2,hiroyukish
1399,16417271,"Vicky Maan","2026-06-27 19:30:23",730.6,2,vickymaan
1400,16382149,moisutsu,"2026-06-20 08:20:23",730.4,1,"ayako0,moisutsu,obara128,yano00"
1401,16387162,radozaprazny,"2026-06-27 10:31:33",730.2,2,radozaprazny
1402,16395945,suzuna0831,"2026-06-27 15:15:33",730.2,2,naohs01
1403,16385247,h_jun,"2026-06-24 02:54:29",730.2,2,lhjoon77
1404,16438654,mayuki,"2026-06-27 11:32:26",730.1,2,mayukiokunomayuki
1405,16395638,kota_hkd,"2026-06-28 00:42:25",729.8,2,onokou
1406,16421586,RyuMizu,"2026-06-27 15:15:51",729.7,2,ryumizu
1407,16384916,"Du Dinh","2026-06-26 07:43:41",729.5,2,dudinh
1408,16376364,TK-1120,"2026-06-21 23:49:37",729.4,2,tk1120
1409,16397215,SKMAAX,"2026-06-27 23:47:12",729.3,2,s06120takuma
1410,16373818,SoraTakanashi,"2026-06-27 19:32:04",729.0,2,soratakanashi
1411,16414284,bit_shinon,"2026-06-23 18:56:30",729.0,2,shinn05uke
1412,16378321,"Arda Karakaş","2026-06-18 12:00:08",729.0,2,ardakarakas
1413,16380674,Latte,"2026-06-27 06:29:14",728.3,2,taichiiiii
1414,16392934,Sohan,"2026-06-25 10:47:31",728.3,2,sohansinghrawat
1415,16380578,mcw999,"2026-06-25 18:13:58",728.1,2,mcw999
1416,16398986,"Hammad Zahid","2026-06-22 06:02:06",728.0,1,hammadansari7
1417,16375749,SO0529,"2026-06-27 07:56:25",728.0,2,sevenocean0208
1418,16378846,"Prify Philip","2026-06-20 12:54:40",728.0,2,amchuz
1419,16373076,gemelom,"2026-06-24 05:47:37",727.9,2,gemelom
1420,16375535,Ryon,"2026-06-27 23:02:02",727.8,2,ryonzhang36
1421,16380867,ろう39,"2026-06-26 03:07:20",727.7,2,kuronekorou39
1422,16385158,Kaiyu28,"2026-06-19 01:35:07",727.7,1,kaiyu28
1423,16411172,ML_Bear,"2026-06-23 14:04:42",727.6,2,naotaka1128
1424,16378351,ララ！ラボ,"2026-06-17 15:56:30",727.6,2,"akaaku,jokato"
1425,16379362,Orion,"2026-06-18 11:20:00",727.5,2,fastthanh78
1426,16410237,ymandso,"2026-06-23 13:59:31",727.2,2,ymandso
1427,16393213,Lonnie,"2026-06-22 06:08:36",727.1,1,lonnieqin
1428,16376487,CoreyJamesLevinson,"2026-06-25 15:20:57",726.9,2,returnofsputnik
1429,16375917,coba11,"2026-06-27 12:26:37",726.4,2,kenkkkk
1430,16387582,majigori,"2026-06-27 15:11:59",725.9,2,majigori
1431,16420862,ikaikasama,"2026-06-23 12:31:22",725.7,1,ikaikasama
1432,16428287,"Arkat Khassanov","2026-06-24 15:13:09",725.6,1,arkatkhasanov
1433,16379777,KiChang.Kim,"2026-06-26 07:46:38",725.5,2,kichangkim
1434,16412598,"Nobu Hirai","2026-06-22 07:18:55",725.3,1,nobuyukihira
1435,16375808,ITK8191,"2026-06-19 19:21:19",725.2,1,itsuki9180
1436,16386071,R.Kaikura,"2026-06-18 09:05:07",725.1,1,higodm2
1437,16388571,Mikio,"2026-06-28 01:01:26",725.0,2,mikiokobayashi
1438,16384608,XP3RiX,"2026-06-24 12:54:48",725.0,2,xp3rix
1439,16386847,QAQA,"2026-06-26 00:03:16",724.9,2,kenty719
1440,16378645,小山佳祐,"2026-06-17 08:34:14",724.8,2,keisukefbr
1441,16377739,"Anna Wood","2026-06-19 01:53:23",724.6,2,annawood1
1442,16381633,Tardigrades,"2026-06-28 01:21:32",724.5,2,rxd1218
1443,16372343,sawasawasawa,"2026-06-26 18:30:06",724.4,2,yukisawamura
1444,16386310,sakaitt,"2026-06-20 21:47:20",724.3,2,sakaitt
1445,16422207,MEROBO,"2026-06-23 18:03:17",724.3,2,m3robo
1446,16372161,SmithyAlan,"2026-06-19 16:39:38",724.3,2,smithyalan
1447,16389941,taka0808,"2026-06-26 14:24:14",724.2,2,taka0808
1448,16379100,"So Mukaichi","2026-06-23 10:38:39",724.1,2,somukaichi
1449,16420240,佐藤広基,"2026-06-27 06:18:47",723.8,2,kiriko3
1450,16383107,CardPilotLab,"2026-06-28 00:22:34",723.7,2,takahirokusuhara
1451,16375544,YukiMaitani,"2026-06-17 23:58:19",723.4,1,yukimaitani
1452,16373756,"THAI TA","2026-06-22 16:47:18",723.4,2,vanthaita
1453,16435396,RMensinck,"2026-06-27 23:39:42",723.3,2,rmensinck
1454,16385586,"Ehimen Nathaniel","2026-06-18 02:34:23",723.1,1,ehimennathan
1455,16381228,"Yuki Yanagi","2026-06-20 04:21:39",722.9,2,yyanagiras
1456,16401278,ba,"2026-06-21 14:34:15",722.8,1,yusukebaba
1457,16378502,Kohta.F,"2026-06-19 09:33:44",722.7,2,kohtaf
1458,16414781,Masaya_SAN,"2026-06-27 15:23:21",722.6,2,"k4eed3,masayasan"
1459,16375653,nobker,"2026-06-23 11:10:46",722.5,2,nobker
1460,16379857,"シン ソウイチロイ","2026-06-22 13:47:30",722.4,2,ykpokeka
1461,16411955,"NAKANISHI Yoshiaki","2026-06-22 05:54:52",722.4,1,nakanishiyoshiaki
1462,16381200,JackChenghao,"2026-06-18 05:29:51",722.1,2,jackchenghao
1463,16405672,D.Minami802,"2026-06-27 14:28:53",722.0,2,daikiminami802
1464,16403422,"Isabella Wu","2026-06-20 20:44:05",721.9,1,isabellawoo01
1465,16379775,"Ryutaro Murayama","2026-06-27 02:29:35",721.8,2,ryutaromurayama
1466,16381017,stevenleehans,"2026-06-23 17:53:19",721.4,2,stevenleehans
1467,16377537,Neko,"2026-06-27 02:22:40",721.4,2,neko7sora
1468,16377852,nakano?neru?maru?ruru,"2026-06-18 04:00:38",721.2,2,nuru2zm
1469,16406002,河村直樹,"2026-06-25 00:46:33",721.2,2,yuzsoda
1470,16396460,"Ryutaro Ueda ","2026-06-27 22:26:17",720.8,1,ryutaroueda
1471,16436127,市川大瑚,"2026-06-27 08:36:20",720.5,1,pocha0818
1472,16373707,VMelville,"2026-06-21 17:34:31",720.5,2,vmelville
1473,16384845,L1LI4N,"2026-06-18 15:21:08",720.5,1,l1li4n
1474,16384030,ZephyrRising,"2026-06-22 21:09:07",720.4,2,zephyrrising
1475,16377377,Rarage,"2026-06-25 09:26:20",720.4,2,bbrage
1476,16381254,"Shingo Kotake","2026-06-22 02:20:20",720.3,2,shingokotake
1477,16373654,"カツラギ シン","2026-06-18 08:43:54",719.9,2,nqxw1kqw
1478,16387127,mori0520mori,"2026-06-22 02:21:32",719.9,1,mori0520mori
1479,16386410,Heros,"2026-06-28 01:20:39",719.8,2,hero16masa
1480,16419890,"Super Mippo","2026-06-26 12:07:01",719.5,2,supermippo
1481,16386198,kaggle_bbgg,"2026-06-26 17:09:55",719.4,2,kagglebbgg
1482,16401285,"Yusei Sakagami","2026-06-22 15:01:00",719.1,2,yuseisakagami
1483,16375502,Robotron,"2026-06-25 05:15:03",718.8,2,wyattmchalffey
1484,16379177,Aevion-Labs,"2026-06-18 17:41:13",718.8,2,aevionlabs
1485,16391926,so-ta,"2026-06-27 18:55:20",718.8,2,soutaozaki
1486,16403994,Oleksandr_Savsunenko,"2026-06-27 21:28:19",718.7,2,crazyleg11
1487,16379776,tochiri,"2026-06-18 14:32:17",718.7,1,tochiri
1488,16382053,yoshi2no,"2026-06-17 13:47:34",718.5,1,yoshi2no
1489,16375082,CaRuff,"2026-06-18 19:54:34",718.4,2,caruff
1490,16398135,"Haruto_Beginner Data Scientist","2026-06-21 07:53:28",718.2,2,masaakioba
1491,16394296,Kasuga,"2026-06-22 06:45:21",718.1,2,kasugasparky
1492,16391619,"Edwin Ho","2026-06-19 04:29:10",717.5,1,edwinho555
1493,16409242,nasubii,"2026-06-25 15:05:49",717.4,2,nasubii1109
1494,16374560,honjousetuna,"2026-06-27 13:56:18",717.3,2,honjousetuna
1495,16387463,"Kazuhiro Sato","2026-06-19 14:19:33",717.0,2,polarcoder
1496,16408194,irontomato,"2026-06-21 13:57:25",716.8,1,irontomato
1497,16385042,schezo,"2026-06-27 11:55:52",716.6,2,schezo817
1498,16375541,"Tomo & K","2026-06-27 21:07:39",716.6,2,tomonariokubo
1499,16405655,saeNeko,"2026-06-26 15:33:58",716.5,1,sae20gorilla
1500,16376347,shushu3,"2026-06-27 08:59:52",715.6,2,shushu3
1501,16384249,"Stanislaus Dusek","2026-06-18 11:35:55",715.2,2,stanislausdusek
1502,16371673,Senn88,"2026-06-21 04:38:52",715.0,2,senn88
1503,16375662,akamiko,"2026-06-27 12:58:30",714.6,2,akamiko
1504,16387818,"Hi Im Ryo","2026-06-28 00:46:08",714.6,2,loto610
1505,16377090,ODers,"2026-06-27 16:21:00",714.5,2,"chengyuliou,jameshunggg,kekevin,tonypai"
1506,16425934,theredbluepill,"2026-06-27 19:09:43",714.2,2,poonszesen
1507,16411390,リュミオーネTom,"2026-06-22 05:54:52",714.2,1,tomlyumione
1508,16384013,mi22mi,"2026-06-25 21:42:49",713.5,2,mi22mi
1509,16401131,hiroshun,"2026-06-21 10:24:49",713.5,2,hiroshun
1510,16385646,BlueBuild4,"2026-06-26 00:32:53",713.5,2,bluebuild4
1511,16399063,moya,"2026-06-26 15:20:37",713.3,2,moyamoya
1512,16393064,"Editor Jugnu AI","2026-06-25 04:49:52",713.2,2,editorjugnuai
1513,16373829,knshnb,"2026-06-22 15:23:06",712.8,2,knshnb
1514,16391763,"Saito kazuki","2026-06-27 16:25:05",712.7,2,saitooookazzooo
1515,16403408,meteoru,"2026-06-20 17:40:03",712.7,1,meteoru
1516,16372378,Kuroneko,"2026-06-22 05:04:18",712.6,2,kuronekoryu
1517,16373571,"Starmie is all you need","2026-06-27 13:45:48",712.5,2,"kitano0104,kvinjp,ryyymy,soutacobura,yaarrow"
1518,16380569,natz,"2026-06-17 11:12:36",712.4,2,natz01
1519,16419994,尾崎裕基,"2026-06-24 02:41:24",712.3,1,yukio511
1520,16428020,Zak88511,"2026-06-24 14:41:35",711.9,1,zak88511
1521,16429987,kevotovar14,"2026-06-24 21:53:14",711.7,1,kevotovar14
1522,16388698,ItsukiYamamoto,"2026-06-21 01:34:59",711.7,1,takotopusu
1523,16373993,"Kohei #2","2026-06-17 16:29:51",711.7,2,koheiterashita
1524,16397273,maaggle,"2026-06-24 12:16:19",711.6,2,maaggle
1525,16388403,ゆしりめ,"2026-06-18 11:57:10",711.4,1,yuthirime
1526,16382375,"Takumi Hino","2026-06-25 18:38:52",711.4,2,na2mkn
1527,16388685,SatOmOri,"2026-06-18 12:49:43",711.3,1,satomori
1528,16377605,makimakiver,"2026-06-27 09:04:32",711.2,2,yutakashibata
1529,16380316,Konichiwa,"2026-06-27 18:07:32",711.0,2,"hamadataigen,yoshitakakumagae"
1530,16407833,ArthurDa,"2026-06-26 17:42:48",710.9,2,arthurda
1531,16379631,mhiro2,"2026-06-27 16:15:28",710.9,2,mhiro2
1532,16419524,折扇戏美人,"2026-06-23 17:23:26",710.9,2,qiujiawei
1533,16372371,takuyay,"2026-06-23 07:40:41",710.8,2,dashimaki360
1534,16378170,"The Debauchery Tea Party","2026-06-26 18:07:12",710.7,2,"hirotosasaoka,satoshihaimura,sizumita"
1535,16379613,Yotsuba_4848,"2026-06-21 16:00:03",710.6,2,yotsuba4848
1536,16383933,namachiya,"2026-06-17 19:35:16",710.6,1,namachiya
1537,16433050,"Haruki Miura","2026-06-25 12:38:24",710.4,1,hatomaru
1538,16373644,yankoGPT,"2026-06-26 03:12:30",710.3,2,"machi70,sota365,yamamoto908"
1539,16380990,"YUTO KOJIMA","2026-06-27 12:01:53",710.2,2,kojimatech
1540,16380522,ToMo,"2026-06-18 14:08:53",710.2,2,tomohiroh
1541,16397006,"Tys TANA","2026-06-27 12:10:45",709.9,2,tystana
1542,16384192,"Vedant A.","2026-06-20 19:52:33",709.6,2,crimeandpunishment
1543,16382065,しみずたいせい,"2026-06-28 01:25:22",709.5,2,shimizu223
1544,16373890,"sou yamaguchi","2026-06-27 12:09:10",709.4,2,souyamaguchi
1545,16387416,ryopulse,"2026-06-23 09:12:53",709.3,2,ryopulse
1546,16386691,nomal_sheep,"2026-06-18 06:32:55",709.1,1,nomalsheep
1547,16427756,solle,"2026-06-24 13:40:00",708.9,1,solle458
1548,16405002,satofi,"2026-06-27 19:03:47",708.6,2,satofi
1549,16388334,nekokaeru,"2026-06-27 08:55:56",708.5,2,nekokaeru
1550,16373070,Kaleidoooooo,"2026-06-18 03:58:24",708.3,2,"calvinshi,renjiewei"
1551,16386274,Nyano2525,"2026-06-28 00:01:23",707.9,2,nyano2525
1552,16392620,ZealChou,"2026-06-26 09:39:05",707.8,2,zealchou
1553,16381949,MakotoInomoto,"2026-06-28 00:45:31",707.7,2,makotoinomoto
1554,16381280,nao_370,"2026-06-21 06:16:02",707.6,2,nao370
1555,16376033,shimacos,"2026-06-27 21:46:21",707.5,2,shimacos
1556,16371624,yiyu0716,"2026-06-26 13:46:32",707.2,2,yiyu0716
1557,16379869,kekekk,"2026-06-17 09:52:56",707.1,2,kekekk
1558,16383136,mushikera,"2026-06-27 06:58:44",707.1,2,ys1005
1559,16402290,tamanegi1111,"2026-06-22 13:08:04",707.1,1,tamanegi1111
1560,16385092,"AI Agent By TYMU","2026-06-18 00:47:01",707.0,2,aiagentbytymu
1561,16374407,kakenn,"2026-06-18 09:11:11",707.0,2,kakenn
1562,16389409,andmohiko,"2026-06-20 02:06:58",706.9,2,andmohiko
1563,16389304,K.Yoshida,"2026-06-27 07:38:45",706.5,2,kyoshida17
1564,16439860,やまちー,"2026-06-27 17:37:25",706.3,2,"kawaiiyamatyann,lmeet619"
1565,16432072,YuhiVT,"2026-06-27 13:27:44",705.9,1,yuhivt
1566,16381865,"Kazuhiro Masuyama","2026-06-26 15:00:29",705.9,2,kazuhiromasuyama
1567,16392927,"Mark Cooper","2026-06-24 03:34:13",705.9,2,markjcooper
1568,16395851,ningeeen,"2026-06-24 12:53:24",705.7,1,"kurogoma999,ningeeen"
1569,16406338,amamori-041226,"2026-06-27 10:36:13",705.6,2,amamori041226
1570,16386772,Kawakami,"2026-06-22 02:11:53",705.6,2,raita003
1571,16373037,"Flying Banana","2026-06-22 15:18:59",705.5,2,wasizu
1572,16388358,yskt_min,"2026-06-19 11:44:00",705.4,1,ysktmin
1573,16401519,Gachimoto,"2026-06-25 13:04:42",705.2,2,fujimotec
1574,16388592,Articuno0144,"2026-06-25 13:16:47",705.2,2,articuno0144
1575,16379206,"qiao jinxia07","2026-06-27 12:56:20",705.1,2,qiaojinxia07
1576,16393604,yoiki,"2026-06-26 04:29:38",705.0,2,yoshiakiishihara
1577,16377233,Tommy,"2026-06-27 16:36:39",704.9,2,yusuketominaga
1578,16431659,jannchie,"2026-06-25 14:18:45",704.8,2,jannchie
1579,16374256,Hayauchiwasabi,"2026-06-18 00:17:05",704.8,2,kaiikeda
1580,16392523,sea_mountain,"2026-06-21 14:31:49",704.7,2,seamountain
1581,16404677,S3R3Bii,"2026-06-27 17:04:02",704.6,2,jamesjeaniv
1582,16374503,"Bright O.H.","2026-06-17 14:55:58",704.5,1,brightoh
1583,16375721,natsu,"2026-06-18 09:17:31",704.5,1,okamotonatsuo
1584,16382750,"Ats Kubo","2026-06-21 01:17:14",704.5,2,atskubo
1585,16382702,kawasaki12,"2026-06-20 10:45:53",704.3,2,titanic12
1586,16375552,yousan,"2026-06-18 04:16:40",704.0,2,ayousanz
1587,16392919,"kiwi apple","2026-06-27 19:09:17",703.8,2,kiwiapple
1588,16389487,"Iwami Daisuke","2026-06-20 02:27:57",703.8,2,iwamidaisuke
1589,16385213,mizoi,"2026-06-22 22:52:58",703.7,2,mizoijin
1590,16400190,"yuki jyono","2026-06-22 18:05:37",703.7,2,yukijyono
1591,16391961,"Haruya Tanaka","2026-06-26 03:31:13",703.6,2,haruyatanaka
1592,16382606,kabik,"2026-06-18 00:35:35",703.5,1,kabikk
1593,16381852,lollipop947,"2026-06-18 18:12:12",703.5,2,lollipop947
1594,16380051,NayuNayu,"2026-06-28 00:15:53",703.4,2,nayunayu1005
1595,16383855,"Zer0 Karat","2026-06-17 18:15:34",703.3,1,zer0karat
1596,16372243,3as6Bl,"2026-06-24 04:24:52",703.3,2,segusegu
1597,16384059,ankounabe114,"2026-06-21 23:16:42",703.2,2,ankounabe114
1598,16411108,Neubor,"2026-06-24 19:58:37",703.2,2,neubor
1599,16376497,RED,"2026-06-22 03:59:10",703.0,1,keijitakeshita
1600,16383808,TK0227,"2026-06-18 16:51:11",702.7,1,tk0227
1601,16377622,bigwave2,"2026-06-17 11:42:27",702.6,1,bigwave2
1602,16381308,KollekTCG,"2026-06-23 12:27:00",702.6,2,"franckattaix,grssystems,nathangaltie"
1603,16375816,shibachan,"2026-06-19 14:15:59",702.3,2,shibachan
1604,16410959,"jorge fabian avila","2026-06-22 23:48:20",702.2,1,jorgefabianavila
1605,16392238,Jouta_123,"2026-06-19 02:38:12",702.2,2,jouta123
1606,16440498,XIAODOUZI,"2026-06-27 23:51:12",702.1,2,xiaodouzi666
1607,16392231,hitoy,"2026-06-20 04:44:50",702.0,1,colonnnnn
1608,16373491,"hiroki ogata","2026-06-18 15:03:34",701.9,1,hirokiogata0825
1609,16386902,Sifar12,"2026-06-18 07:08:43",701.8,1,sifar12
1610,16377242,domkade,"2026-06-19 12:03:38",701.8,1,domkade
1611,16376376,Duc24KDL,"2026-06-24 16:08:31",701.8,2,duc24kdl
1612,16373031,takataok_42,"2026-06-27 08:43:44",701.7,2,takataok42
1613,16379071,haru0707,"2026-06-18 10:04:24",701.7,2,haru0707
1614,16382598,Aiagate,"2026-06-21 04:30:30",701.7,2,aiagate
1615,16381002,hau,"2026-06-27 15:14:44",701.4,2,hayurusoma
1616,16405194,Kaileh57,"2026-06-26 15:27:53",701.3,2,kaileh57
1617,16391514,"Aji Samudra","2026-06-27 21:22:18",700.9,2,ajisamudra
1618,16386079,roroppu,"2026-06-18 14:42:45",700.9,1,roroppu
1619,16395433,DeMoN_2202,"2026-06-22 06:16:23",700.7,2,harshit22020
1620,16403402,takaygiiiiiiii,"2026-06-27 16:05:25",700.7,2,takaygiiiiiiii
1621,16382154,宮原景信,"2026-06-19 05:01:45",700.4,2,kagenobu
1622,16416010,Aikimi,"2026-06-27 05:23:07",700.4,2,aikimi
1623,16381495,shanpu,"2026-06-18 23:35:31",700.3,2,shanpu
1624,16372426,auaua159,"2026-06-20 21:02:14",700.2,2,auaua159
1625,16383888,"Sebastian Lashmet","2026-06-24 18:28:55",700.0,2,sebastianlashmet
1626,16402563,"Mayuko Tatsuki","2026-06-23 09:18:33",699.9,2,mayukotatsuki
1627,16371414,"PRANAY MANE ","2026-06-27 02:53:20",699.8,2,mpranay53
1628,16431074,iketatsu,"2026-06-25 06:35:48",699.6,1,iketatsu
1629,16375517,"Alberto Bonsanto","2026-06-28 00:19:59",699.5,2,bonsanto
1630,16394351,"Momotaro YAMADA","2026-06-24 16:35:59",699.2,2,"momotaroyamada,tsudowatanabe"
1631,16385666,Toshiko1031,"2026-06-18 03:15:01",699.1,1,toshiko1031
1632,16377857,nakotsuko13,"2026-06-18 12:31:08",699.0,2,nakotsuko13
1633,16426834,"Masahiro Tanaka","2026-06-25 11:44:32",698.9,2,ninben5361
1634,16382244,ryo-na,"2026-06-17 16:32:31",698.9,2,ryona0123
1635,16374915,kevin28gou,"2026-06-27 21:11:43",698.5,1,kevineen
1636,16388412,toshizo,"2026-06-22 11:55:31",698.5,2,toshizo
1637,16385999,umsyspokeka,"2026-06-24 04:22:52",698.1,2,umsyspokeka
1638,16389916,"Hiroshi Ikeda","2026-06-18 17:38:05",698.1,1,hiroshiikeda314
1639,16387314,"Rojiura Studio","2026-06-20 06:19:55",698.0,2,yusukenamai
1640,16439233,sharkself,"2026-06-26 16:41:02",697.2,1,sharkself
1641,16386375,mk,"2026-06-18 10:57:41",697.2,1,koshiromurai
1642,16383220,"Roma Tikhonov","2026-06-21 21:36:35",697.0,2,tikhonovroma
1643,16391123,Iliamna,"2026-06-27 23:53:12",696.8,2,"decotoj,zack873"
1644,16373240,hattori88,"2026-06-18 15:45:36",696.7,2,soichirohattori88
1645,16378246,夜鷹ねりあ,"2026-06-27 22:48:16",695.9,2,yatakaneria
1646,16408418,"Niko Kristanto","2026-06-26 14:32:20",695.8,2,nikok6
1647,16379427,DreDree,"2026-06-17 11:32:51",695.4,1,dredree
1648,16392550,ZAKI8742,"2026-06-19 04:34:52",694.6,1,zaki8742
1649,16372215,Toboggan,"2026-06-20 19:59:05",694.5,1,shimaw28
1650,16435770,suirindo,"2026-06-28 00:24:21",694.2,2,suirindo
1651,16418613,"Taito Yoshimura","2026-06-23 12:46:33",694.2,1,taitoyoshimura
1652,16435037,"Neil Bhatkhande","2026-06-25 22:13:56",694.1,1,neilbhatkhande
1653,16388824,norizuca,"2026-06-20 15:16:23",694.1,1,norizuca
1654,16372841,Leona_Giga,"2026-06-20 12:31:54",693.6,2,leonagiga
1655,16373956,tsumuit,"2026-06-17 01:09:44",693.5,2,tsumuit
1656,16393388,sk1012,"2026-06-24 14:26:53",693.5,2,kaitoterasaki
1657,16381981,patamaru,"2026-06-17 14:13:24",693.4,1,patamaru
1658,16384334,"William Humphrey","2026-06-23 02:40:31",693.4,2,williamhumphreyyy
1659,16375424,Miguel-jp,"2026-06-26 04:35:18",693.4,2,migueljp
1660,16375340,x-team,"2026-06-18 17:21:20",693.3,2,"kentokodama,xhiroron"
1661,16389045,なかよしポケカ倶楽部,"2026-06-24 10:15:15",693.0,2,eviess00team
1662,16389944,"Brian Chuan","2026-06-23 14:09:48",692.7,2,brianchuan
1663,16394554,pokecrey,"2026-06-27 23:14:33",692.7,2,thalleseboli
1664,16407696,"Yusuf Murtaza","2026-06-24 07:55:29",692.0,2,yusufmurtaza01
1665,16413249,cherry_luvly,"2026-06-27 16:27:10",691.8,2,cherryluvly
1666,16379996,nya000000n,"2026-06-17 17:21:26",691.6,1,nya000000n
1667,16427183,mokemokemokemoke,"2026-06-24 12:09:17",691.5,1,mokemokemokemoke
1668,16378495,"ﾖﾈｸﾗ ﾃﾝｾｲne251225","2026-06-20 08:33:04",691.5,2,ne251225
1669,16427514,"Nene Gotanda","2026-06-25 11:38:29",691.5,2,nenegotanda
1670,16376536,Utakata-SciFi,"2026-06-21 20:30:16",691.4,2,koarunozue
1671,16376382,Obvio7,"2026-06-22 11:20:30",691.4,2,obvio7
1672,16386420,中村友哉,"2026-06-21 15:08:11",691.2,2,tomoya585858
1673,16408317,"Altar Buyukdogan","2026-06-27 14:57:32",691.2,2,altarbuyukdogan
1674,16381953,ytk03,"2026-06-28 00:06:03",691.0,2,ytk03mtmt
1675,16376168,ぶれめか,"2026-06-26 07:43:48",691.0,2,blaymaker
1676,16384139,"keito k4","2026-06-18 14:09:26",690.9,2,keitok4
1677,16383858,"Cheshire Cat","2026-06-18 18:55:53",690.8,2,ytaka23
1678,16386593,inarikujirawanko,"2026-06-27 16:25:20",690.7,2,"k2wanko,kujirachan,kukoinari"
1679,16372145,ゆとり,"2026-06-27 23:58:25",690.6,2,yutori3
1680,16376866,Tang,"2026-06-28 01:45:10",690.6,2,hirotetsu
1681,16381879,nicov8810,"2026-06-18 00:08:52",690.5,2,nicov8810
1682,16382642,pokecard_kaggle,"2026-06-27 23:49:13",690.4,2,pokecardkaggle
1683,16420976,"Semih Işık","2026-06-25 14:46:31",690.4,2,semihik
1684,16390045,"Dinesh kumar Thiyagarajan","2026-06-27 19:48:41",690.1,2,dineshkumar0705
1685,16442032,熊本啓汰,"2026-06-27 15:03:59",690.1,2,kuma0707
1686,16393970,"Kai Buchmueller","2026-06-19 21:36:26",689.9,1,kaibuchmueller
1687,16372727,怒破餓鬼,"2026-06-27 06:51:46",689.7,2,"alcoholcat,ryutokeshi,yuinokogawa"
1688,16380934,muko,"2026-06-25 06:09:59",689.5,2,mukocha
1689,16376456,"Ryota Matsuki","2026-06-18 12:50:09",689.5,2,budoto
1690,16376531,miruto,"2026-06-24 01:05:05",689.4,2,toshiyukiotake
1691,16375476,YATAShotaro,"2026-06-17 15:23:49",689.3,1,yatashotaro
1692,16393128,TTITIM,"2026-06-21 03:27:46",689.2,2,ttitim
1693,16412446,Jack12xl,"2026-06-26 11:24:58",689.1,2,jack12xl
1694,16402994,"SHOICHIRO NISHIDA","2026-06-26 00:23:05",689.0,2,shoichironishida
1695,16383389,"Jebriel Abdul","2026-06-20 03:22:10",688.9,1,jebrielabdul
1696,16372041,Takutsu,"2026-06-21 14:02:53",688.9,2,"komeshun,nocchan"
1697,16435830,"Ra'uf Fauzan Rambe","2026-06-26 03:16:34",688.8,1,rauffauzanrambe
1698,16432706,nnadrian,"2026-06-26 10:58:47",688.4,2,nnadrian
1699,16381624,LumenLiquidity,"2026-06-26 18:26:30",688.1,2,"giovannibaldon,pasqualemadd4loni"
1700,16372849,Pech1,"2026-06-23 14:38:20",688.1,2,pechi998244353
1701,16373461,Aslan168,"2026-06-19 17:39:56",687.9,2,aslan168
1702,16382511,"shu-tanuma ","2026-06-20 05:20:59",687.8,2,shutanuma
1703,16393033,nakonisu,"2026-06-19 15:06:07",687.3,1,weaqy6yjvjxzu
1704,16402527,oimo_tabetai,"2026-06-20 14:12:14",686.8,1,oimotabetai
1705,16379968,"Kotaro OKUYAMA","2026-06-18 00:03:16",686.5,2,kokotatan
1706,16403572,Takuya0911,"2026-06-27 12:42:48",686.0,2,takuya0911
1707,16380964,supermelon,"2026-06-24 13:18:26",686.0,2,supermelon
1708,16429048,"Sean Jones","2026-06-26 01:10:44",686.0,2,seanjones444
1709,16390807,"Luca Guerra","2026-06-24 19:02:27",685.7,2,lucague
1710,16375828,fujihara,"2026-06-23 02:49:15",685.4,2,fujihara
1711,16378332,"Sweta Jain","2026-06-21 06:22:24",685.2,2,swetajain04
1712,16384779,LLLJ,"2026-06-26 07:24:52",685.2,2,tli004
1713,16399970,"Tomohide N","2026-06-20 07:56:49",685.2,1,tomohiden
1714,16378648,"Andrew Daniels","2026-06-17 10:36:51",684.9,2,andrewdanielsaus
1715,16382493,RyotaNakajima,"2026-06-17 16:11:13",684.7,1,ryotanakajimazzz
1716,16401552,むにちゃちゃ,"2026-06-27 11:19:13",684.7,2,munichacha
1717,16433283,"Henrique Mancini Castilho","2026-06-25 20:41:30",684.6,2,sharshock
1718,16405107,MushaKGL,"2026-06-21 12:58:02",684.6,1,mushakgl
1719,16383118,pokemob,"2026-06-22 11:55:23",684.6,2,pokemob
1720,16376229,eryu1225,"2026-06-21 04:52:04",684.4,2,eryu1225
1721,16380166,"satoshi rizard","2026-06-22 16:04:12",684.2,2,satoshirizard
1722,16386095,ryusei,"2026-06-27 10:13:16",684.1,2,bakugaryusei
1723,16380576,takanori-suzuki-desu,"2026-06-21 12:12:54",683.9,2,takanorisuzukidesu
1724,16406182,FabrizioFedericoni,"2026-06-25 11:17:19",683.6,2,ffedericoni
1725,16380700,KK_1999,"2026-06-17 11:31:32",683.2,2,thebigfundamental
1726,16372157,"mackerel is all you need","2026-06-27 02:53:26",683.1,2,"mackerel38,nikoro256"
1727,16376530,yuto,"2026-06-28 01:24:36",682.9,2,yutoseeda
1728,16380179,"T T (りっきー)","2026-06-28 01:19:10",682.7,2,ttrikky
1729,16405191,"Pure Spirit","2026-06-27 12:49:05",682.6,2,"yoshihirosuzuki0804,yukiikami"
1730,16391117,moeuuu,"2026-06-26 23:33:10",682.6,2,moeuuu
1731,16379512,soyukke,"2026-06-27 01:58:14",682.1,2,soyukke
1732,16383098,"YU YAUCHI","2026-06-26 03:21:26",682.0,2,yuyauchi
1733,16379819,"hardik rathod","2026-06-22 06:05:21",681.7,2,hardikrathod001
1734,16381805,"Iwakiri Takuya","2026-06-18 13:15:04",681.6,1,iwaktaku
1735,16411485,"Chipping Spearow","2026-06-27 23:09:01",681.4,2,deanpixton
1736,16393574,zk,"2026-06-27 05:54:18",681.3,2,zkk0401
1737,16395576,KellersInColorado,"2026-06-27 22:23:09",681.3,2,kellersincolorado
1738,16382528,あれすくん,"2026-06-26 01:29:43",681.0,2,areskunsan
1739,16443408,"D kameT","2026-06-27 15:09:42",680.7,1,dkamet
1740,16375729,NangJP,"2026-06-26 17:12:54",680.5,2,nangjp
1741,16384216,atpmara,"2026-06-19 05:19:09",680.4,2,atpmara
1742,16394599,clora,"2026-06-27 23:53:12",680.3,2,clora16
1743,16377483,箕面からこんにちわ,"2026-06-18 03:10:41",680.3,1,mamoruch
1744,16415106,中村円威,"2026-06-22 18:36:22",679.9,1,kz0000001
1745,16377595,Mark`n,"2026-06-17 06:06:14",679.8,2,masarusanada
1746,16397939,"Joe Chapa","2026-06-28 01:07:01",679.8,2,joechapa
1747,16421245,"Hiroshi U","2026-06-27 11:45:15",679.7,2,hiro0921
1748,16404334,"Varish Guharaman","2026-06-27 23:02:33",679.6,2,varishguharaman
1749,16419887,shikibu9419,"2026-06-27 23:09:36",679.4,2,shikibu9419
1750,16371981,shikisoukan,"2026-06-24 23:08:50",679.4,2,shikisoukan
1751,16404283,"Joshua Magady","2026-06-26 04:24:40",679.2,2,jmagady
1752,16381567,peacemonkey,"2026-06-17 18:35:52",679.0,2,peacemonkey
1753,16442780,mikke9747,"2026-06-27 11:55:05",679.0,1,mikke9747
1754,16376653,"szlachetny snieg","2026-06-17 13:28:10",678.7,1,takayukiimoto
1755,16386085,KodaiKatayama,"2026-06-18 05:34:57",678.7,1,kodaikatayama
1756,16388797,heren-27,"2026-06-20 00:43:57",678.6,2,heren27
1757,16381292,makosukepapa,"2026-06-25 05:15:32",678.4,2,makosukepapa
1758,16392512,"Yujiro Seki","2026-06-27 16:49:22",678.4,2,yujiroseki
1759,16378176,"hosaka kodai","2026-06-26 08:34:37",678.3,2,hosakakodai
1760,16425412,ggbong,"2026-06-27 15:32:37",678.1,2,ggbong
1761,16372299,YYma1201,"2026-06-18 00:57:21",678.0,2,yyma1201
1762,16374644,"David Selin","2026-06-26 02:19:52",678.0,2,qwertyd93
1763,16434584,헛개나무,"2026-06-28 00:52:55",677.3,1,tbn12321
1764,16408051,ruten,"2026-06-21 15:36:12",677.3,1,daisukemiyoshi
1765,16402531,"Tsubasa Hirose","2026-06-20 14:47:55",677.1,2,tsubasahirose
1766,16378873,Miniac,"2026-06-26 04:56:39",677.0,2,henrycai12
1767,16392162,"Packsilog TCG","2026-06-22 09:58:43",676.7,2,packsilogtcg
1768,16381294,"Junliang Ye","2026-06-25 12:18:33",676.7,2,junliangye
1769,16382081,OchiAI820,"2026-06-27 15:27:22",676.6,2,"dasoku,ochiai820"
1770,16408517,nitoyon,"2026-06-21 14:24:12",676.6,1,nitoyon
1771,16377590,AwA,"2026-06-22 09:37:02",676.6,1,itoda10
1772,16378225,greySnow,"2026-06-26 16:21:54",676.5,2,shlomoron
1773,16376289,"Lucas Ween","2026-06-18 13:43:53",676.5,2,luacasween
1774,16386416,"YOSHI SHIRA","2026-06-18 05:30:16",676.4,1,yoshishira
1775,16381138,yk724985,"2026-06-18 07:06:28",676.4,2,yk724985
1776,16384416,ohnuma,"2026-06-17 20:20:05",676.2,1,ohnuma00
1777,16376152,hookbook,"2026-06-26 09:57:29",675.8,2,hookbook
1778,16388260,"Sakito Horie","2026-06-24 02:36:32",675.4,2,sakitohorie
1779,16414465,pingtian,"2026-06-24 12:06:36",675.3,1,pingtianth
1780,16382447,ONunez55,"2026-06-22 15:50:48",675.2,2,onunez55
1781,16382502,yuta_muds,"2026-06-17 15:58:55",675.0,2,yutamuds
1782,16377979,チーム魔剤,"2026-06-27 09:57:17",674.9,2,"kkubokawa,masugonn,momonaka"
1783,16373184,"Yuki Tani","2026-06-16 16:44:14",674.6,1,yukitani
1784,16375387,"Kingsley Compton","2026-06-24 02:58:58",674.5,2,kingsleycompton
1785,16375970,サム・マウンテンマン,"2026-06-20 06:33:32",674.4,2,higa414
1786,16376157,nishiki,"2026-06-25 09:12:15",674.3,2,mnishiki
1787,16384528,"Rafael Montañez","2026-06-19 15:30:46",674.3,2,rafaelmontaez
1788,16377030,oggata,"2026-06-17 04:19:31",674.3,1,fumitoshiogataoggata
1789,16398189,GS,"2026-06-21 06:29:18",674.2,2,gaisuzuki
1790,16373881,Chunibyo,"2026-06-25 06:14:59",674.1,2,chunibyo
1791,16376358,"PKMN Trainer L","2026-06-20 23:36:37",674.1,2,lavanvivekanandasar
1792,16420176,chaojiwudiwujie,"2026-06-23 10:06:36",674.1,1,chaojiwudiwujie
1793,16383547,joecorder,"2026-06-20 18:49:41",673.9,2,joecorder
1794,16388099,tomokawa,"2026-06-22 22:32:40",673.9,2,tomokawa
1795,16384727,"Rohit potdukhe","2026-06-18 21:38:34",673.6,1,rgpotdukhe
1796,16384544,"Phu Hung Dang","2026-06-26 11:22:38",673.5,2,phuhungdang
1797,16373408,Valkyrja,"2026-06-23 14:22:05",672.9,2,valkyrja3607
1798,16381882,!!,"2026-06-24 14:07:29",672.8,2,nightdeer2017
1799,16402840,greengreenpurple,"2026-06-21 06:44:33",672.8,2,greengreenpurple
1800,16403468,鈴木裕登,"2026-06-27 19:14:11",672.8,2,yuto0731
1801,16379802,Kiyo-Dai,"2026-06-23 10:55:08",672.7,1,k1yoda1
1802,16432999,jack9999ske,"2026-06-26 14:06:24",672.4,2,jack9999ske
1803,16435980,"Kanata Iriyama","2026-06-26 04:05:24",672.0,1,kanatairiyama
1804,16436117,TOM@love,"2026-06-27 23:01:54",672.0,1,tomlvoe
1805,16399780,Mokuron01,"2026-06-20 08:21:38",671.9,1,ao072101
1806,16379922,itohudo,"2026-06-18 04:05:41",671.9,2,itohudo
1807,16408496,"Yosuke Yamaji","2026-06-21 14:48:55",671.8,1,yosukeyamaji
1808,16377176,"HARUKI HARADA","2026-06-21 18:33:33",671.7,2,harukiharada
1809,16426172,EasonLee0917,"2026-06-28 00:44:24",671.7,2,easonlee0917
1810,16377843,Mindnightdestroy,"2026-06-26 08:14:09",671.7,2,mindnightdestroy
1811,16380459,ytkaggleSyan,"2026-06-24 10:50:33",671.6,1,ytkagglesyan
1812,16388364,miya,"2026-06-27 11:43:41",671.5,2,miyamuratakeki
1813,16393588,saku_tohoku,"2026-06-19 09:24:06",671.5,1,sakutohoku
1814,16416889,nescence,"2026-06-24 05:24:58",670.7,1,nescence0
1815,16411733,"Yehun Jeon","2026-06-27 05:27:06",670.4,2,yehunjeon
1816,16383862,zzz_nya,"2026-06-18 22:06:21",670.4,2,zzznya
1817,16440969,chocoseiya,"2026-06-27 14:28:21",670.2,1,chocoseiya
1818,16381835,plume013,"2026-06-23 09:09:03",670.1,2,plume013
1819,16389973,HirotaSaurus,"2026-06-25 05:41:50",670.0,2,hirotasaurus
1820,16417340,senseiphone,"2026-06-27 17:13:46",669.9,2,nagahamanil
1821,16392542,lol_dino,"2026-06-24 15:14:34",669.9,2,eringi337
1822,16403917,Hidaka,"2026-06-21 05:47:20",669.8,1,hidakatsubasa
1823,16378242,つるかす,"2026-06-17 07:00:50",669.8,1,lkryyoo
1824,16377781,Takasawy,"2026-06-25 19:28:02",669.6,2,takasawy
1825,16415007,"yuki #6","2026-06-22 15:19:14",669.6,1,inuyu25
1826,16388654,vvs,"2026-06-23 14:09:24",669.5,2,marvelworld
1827,16395327,Lemming,"2026-06-19 15:23:02",669.0,1,lemmingy
1828,16373538,原田龍馬,"2026-06-18 08:29:28",668.7,2,hryoma
1829,16378264,saxsir,"2026-06-27 10:10:25",668.5,2,saxsir
1830,16394093,nynyny67,"2026-06-27 03:35:41",668.5,2,nynyny67
1831,16390927,"Anh Lam","2026-06-27 03:09:22",668.3,2,amelialam
1832,16414343,"Kazuya Shiroshita","2026-06-22 13:20:43",668.0,1,kazuyashiroshita
1833,16372207,"Xuan Zhang","2026-06-17 15:10:42",667.8,1,xuanzhang001
1834,16435850,soramame0311,"2026-06-26 03:00:59",667.7,1,ano12pmo
1835,16418628,"Charles Wallis","2026-06-26 05:45:45",667.6,2,charleswallis7
1836,16373619,"Tae Shin","2026-06-18 14:51:00",667.6,2,taeshin
1837,16401241,chy345,"2026-06-27 16:53:00",667.5,2,chy345
1838,16412905,"Ivan Kalesnik","2026-06-23 08:24:12",667.2,2,ivankalesnik123
1839,16376182,ポケカ頑張る,"2026-06-24 03:57:39",667.1,2,junmiyazakikaggle
1840,16400009,"Obaachan Sensei to AI Gundan","2026-06-28 00:10:37",667.1,2,ayachacar
1841,16382146,"coffy 44","2026-06-18 15:11:41",667.0,1,coffy44
1842,16431331,insuperabilehart,"2026-06-26 05:46:37",666.8,2,insuperabile
1843,16383961,Paramita,"2026-06-19 15:54:36",666.6,2,paramita82
1844,16376912,Gyoukou,"2026-06-27 15:59:07",666.5,2,"hiroyashimono,itsukudayoooo,noriyukimori,wagasode,yufuin"
1845,16432669,Haiku,"2026-06-27 05:31:49",666.4,1,takeyt
1846,16374634,yukinoka,"2026-06-27 18:44:42",666.4,2,yukiinokaa
1847,16380183,Lesiu,"2026-06-24 23:56:44",666.1,2,klesik
1848,16382660,solenoider,"2026-06-20 16:37:28",665.9,2,solenoider
1849,16379720,"Occult Lab","2026-06-25 11:30:38",665.7,2,ryojikato
1850,16379424,大津俊雅,"2026-06-25 04:40:27",665.4,2,shungao114
1851,16391335,"Paul Lockett","2026-06-24 15:45:05",665.3,2,paullockett
1852,16387220,"Keisuke Hirose","2026-06-18 08:32:42",664.9,1,matsuinaoki
1853,16402097,"Kengo Yoko","2026-06-21 14:53:14",664.7,2,kengoyoko
1854,16393850,"Yuji Nomura","2026-06-27 06:22:34",664.6,2,yujinomura
1855,16436336,Foxyone,"2026-06-26 05:56:48",664.5,1,foxyone
1856,16375560,mitsuba,"2026-06-23 00:29:32",664.4,2,mitsuba
1857,16372927,"Shun Tsukuda (しゅん)","2026-06-25 10:41:49",664.2,2,shuntsukuda
1858,16371751,C&P,"2026-06-17 15:11:50",663.9,1,"cristinaaguilera,pablesky"
1859,16382908,kimkimkirn,"2026-06-27 05:35:20",663.8,2,kimkimkirn
1860,16375597,"Muhammad Ibrahim Qasmi","2026-06-19 19:50:55",663.7,2,ibrahimqasimi
1861,16382187,"philip next","2026-06-24 14:43:45",663.5,2,"auhulu,philipnext"
1862,16382403,Shake912,"2026-06-27 06:22:56",663.4,2,shake912
1863,16428300,titanascended,"2026-06-26 00:03:27",663.1,2,itsyuvrajsharma
1864,16380804,"YUSEI SAKAI","2026-06-17 12:52:17",662.8,2,yuseisakai
1865,16377623,tadashi04,"2026-06-17 10:20:48",662.6,2,tadashi04
1866,16378122,"Norihide Endo","2026-06-27 11:29:46",662.5,2,endoit
1867,16381451,MAXIMUMDataScience,"2026-06-22 09:47:22",662.5,2,maximumdatascience
1868,16392308,"yosuke kurosu","2026-06-19 03:08:07",662.4,1,noblacknolife
1869,16374940,"20070521 assassin","2026-06-27 01:04:08",662.1,2,assassin20070521
1870,16388842,"Thomas Semczyszyn","2026-06-23 01:56:21",662.1,2,thomassemczyszyn
1871,16390961,shop_0761,"2026-06-20 09:32:23",661.9,2,shop0761
1872,16394075,PLAYERshi,"2026-06-27 16:42:15",661.8,2,playershi
1873,16437824,"Nikodem Kuliś","2026-06-27 09:31:13",661.7,1,nikodemkuli
1874,16386264,みちみちすたーきんぴか,"2026-06-20 05:39:37",661.3,1,"mtmt777,nekinova"
1875,16424883,"salty bear","2026-06-24 05:07:44",661.3,1,shiomunny
1876,16396132,MachinaExMachina,"2026-06-27 17:57:38",661.3,2,sethkarten
1877,16380831,coken256kit,"2026-06-20 07:47:03",661.0,2,coken256kit
1878,16394302,nugui-nugui,"2026-06-19 12:28:53",660.6,1,nuguinugui
1879,16385656,MichaelJKnowles,"2026-06-28 01:23:21",660.6,1,mjknowles
1880,16406168,abidencewww,"2026-06-27 11:47:58",660.6,2,abidencewww
1881,16382835,Pietro,"2026-06-23 14:02:35",660.6,2,pietro002
1882,16392291,"Masayuki Kimura","2026-06-27 13:38:30",660.4,2,masayukikimura1976
1883,16386868,yuki-yukiii,"2026-06-18 09:48:43",660.3,1,yukiyukiii
1884,16394762,"Y M","2026-06-24 14:39:17",659.8,2,ym0207
1885,16375356,"SEIICHIRO Kojio","2026-06-18 11:23:18",659.7,2,seiichirokojio
1886,16376129,"tahara shouki","2026-06-27 13:47:12",659.6,2,taharashouki
1887,16376721,今井大登,"2026-06-27 04:18:21",659.4,2,naru041104
1888,16385216,Daikon99,"2026-06-23 02:02:37",659.1,2,daikon99
1889,16410906,"Casey Bennink","2026-06-21 22:40:43",659.1,1,caseybennink
1890,16377314,D_en3120,"2026-06-26 15:16:55",659.0,2,den3120
1891,16376942,ulaph4,"2026-06-25 12:27:26",658.9,2,ulaph4
1892,16411779,"Kawamura Shoma","2026-06-22 04:19:21",658.8,1,kawamurashoma
1893,16381315,colapis,"2026-06-26 01:11:41",658.6,2,colyamo
1894,16397495,"MiTo Barchetta","2026-06-20 01:42:38",658.5,1,mitobarchetta
1895,16408770,"Nori Miya","2026-06-27 14:55:37",658.4,2,norimiya
1896,16381491,"Yuh Kim","2026-06-17 12:55:04",658.3,1,yuhkim
1897,16424758,Skyraider,"2026-06-28 00:32:10",657.7,2,drpatrickchan
1898,16397200,cata,"2026-06-19 23:51:01",657.1,1,adgjmptw1324
1899,16377392,"JOTARO WASA","2026-06-19 08:02:15",657.1,1,jotarowasa
1900,16380862,"Famous VibeCoder On The Earth","2026-06-28 00:41:56",657.1,2,"chenstillstude,jevanmarcelius,sikuree"
1901,16440747,"Ghulam Ahmad","2026-06-28 00:00:44",656.8,2,ghulamjs
1902,16388333,"Joey Dufourd","2026-06-19 10:09:40",656.8,2,joeydufourd
1903,16392626,"Takahiro Matsumoto","2026-06-24 04:32:49",656.3,2,takahirom0221
1904,16418381,treo_hihihi,"2026-06-27 14:19:25",656.1,2,treohihihi
1905,16379617,nabepoke,"2026-06-18 06:41:00",656.0,2,nabepoke
1906,16412815,"Prashant Kikani","2026-06-22 07:36:52",655.7,1,prashantkikani
1907,16404079,"ryan panda","2026-06-23 18:01:55",655.7,2,hollowpurple
1908,16400852,testuser,"2026-06-21 06:50:33",655.6,1,kazuhiro494949
1909,16432856,kawauso9n,"2026-06-25 12:25:08",655.6,1,kawauso9n
1910,16396755,GGMaster,"2026-06-27 10:55:10",655.4,2,dojapan
1911,16375281,"Francisco Stahl","2026-06-17 05:41:44",655.4,2,franciscostahl
1912,16382841,pepe,"2026-06-27 07:22:42",655.1,1,pep299
1913,16420978,"Yusuke Aoki002","2026-06-28 00:20:59",655.0,2,yusukeaoki002
1914,16403942,lackmind,"2026-06-25 01:29:39",654.7,2,lackmind
1915,16397760,YamamotoKazuya,"2026-06-20 07:01:14",654.6,2,yamamotokazuya
1916,16385214,pontamaru,"2026-06-26 04:26:50",654.4,2,pontamaru
1917,16377301,feles42,"2026-06-26 01:48:06",654.2,2,feles42
1918,16420021,田中紘章,"2026-06-24 06:41:31",653.7,1,hiroakitanakaaaa
1919,16441162,"Iadh Jarray","2026-06-28 01:29:26",653.3,1,iadhjarray
1920,16401054,"Aki Ogawa","2026-06-20 09:48:03",653.0,1,akiogawa
1921,16377823,おやつパンダ,"2026-06-26 15:41:32",652.4,2,yoichi0839
1922,16377265,"Takeo Mitsumoto","2026-06-17 13:23:01",652.3,1,takeomitsumoto
1923,16388568,"WO LOAD","2026-06-20 18:53:16",651.7,2,woload
1924,16381201,しゃけた,"2026-06-21 22:53:51",651.6,1,syaketa
1925,16371835,RIIIIIIIteq,"2026-06-24 06:00:13",651.6,2,rii07matsu
1926,16374801,ZEZE,"2026-06-17 21:54:17",651.5,2,"danielcecim,joovitorpires"
1927,16417933,Denki39,"2026-06-24 01:53:03",651.5,2,noctsyndrome
1928,16408128,HalfMoonbear2,"2026-06-27 08:32:51",651.3,2,"ctmkrf11,diegoalonsocanizares,watanabekyohei"
1929,16392857,PALTCG,"2026-06-25 16:38:02",650.9,2,"aligox,d3ndr0bium,kzwnjp,merlyna"
1930,16383215,holyholy,"2026-06-27 00:37:26",650.7,2,holy5contents
1931,16442621,Ryota-Sasaki023,"2026-06-27 15:19:00",650.5,1,ryotasasaki023
1932,16382104,Robina,"2026-06-24 13:30:10",650.3,2,wyndomr
1933,16380347,"Takamasa Ueno","2026-06-18 03:46:44",650.0,2,uentsz
1934,16371545,"ayasaki rin","2026-06-24 12:51:14",649.9,2,ayasakirin
1935,16428771,uma.k42.mr,"2026-06-27 15:09:53",649.9,2,umak42mr
1936,16399463,OgawaraMakoto(Noah),"2026-06-21 14:19:41",649.5,2,ogawaramakoto
1937,16382679,ちょはん,"2026-06-20 15:25:04",649.4,2,tyohan
1938,16376352,"Blair Dupre","2026-06-27 22:06:32",649.1,2,blairdupre
1939,16386178,"Shaun Leong","2026-06-25 05:29:42",648.7,2,shaunleong
1940,16384024,"Francisco Vargas","2026-06-24 15:20:32",648.5,2,franciscovargas
1941,16378059,yuna5577,"2026-06-18 12:10:10",648.5,2,yuna5577
1942,16374035,"Jack Wilson","2026-06-19 05:19:00",648.4,2,jackvwilson
1943,16418791,"kenta matsumoto","2026-06-26 13:20:09",648.3,2,genryu0210
1944,16378089,nanocloudx,"2026-06-28 00:14:50",648.2,2,nanocloudx
1945,16418303,"Yuki Ikeda","2026-06-24 02:38:52",648.0,2,yuki521ike
1946,16373889,toruneko,"2026-06-28 00:27:23",647.7,2,toruneko
1947,16371575,"Kentaro Hirose","2026-06-21 13:54:49",647.7,2,kentarohirose
1948,16399987,nagiya,"2026-06-21 15:14:39",647.6,1,nagiya
1949,16388132,"Mrutyunjay Joshi","2026-06-18 10:34:25",647.3,1,mrutyunjayjoshi
1950,16376003,"Ryoma Terazawa","2026-06-26 14:48:52",647.2,2,ryomaterazawa
1951,16398640,ToraaaAa,"2026-06-26 18:45:12",647.0,1,toraaaaa
1952,16389795,"Naziba Tasnim","2026-06-18 16:15:33",646.9,1,nazcet
1953,16378629,M2AI,"2026-06-27 06:10:53",646.6,2,matsunai
1954,16402050,daphniapulex,"2026-06-21 17:15:51",645.7,2,daphniapulex
1955,16399502,KuboiYusuke,"2026-06-27 15:42:26",645.7,2,kuboiyusuke
1956,16380526,minasehiro,"2026-06-27 06:02:50",645.5,2,minasehiro
1957,16384384,RairoRapha,"2026-06-25 20:53:34",645.4,2,thetraveller
1958,16436284,mochikiichigo,"2026-06-27 07:23:00",645.3,2,mochikiichigo
1959,16389099,puraza,"2026-06-27 14:07:42",645.3,2,puraza
1960,16382415,"Kawee Lekmuenwai","2026-06-26 01:05:39",644.4,2,kaweelekmuenwai
1961,16387238,テン,"2026-06-20 18:02:12",643.7,2,adzukililly
1962,16387688,"Yusuke #2","2026-06-18 09:17:07",643.3,1,warriashishuer
1963,16380895,"Sota Uchiyama","2026-06-27 22:35:48",643.0,2,sotauchiyama
1964,16377016,ega_water,"2026-06-25 13:57:43",642.8,2,egawater
1965,16371774,町田遥裕,"2026-06-19 08:17:06",642.7,2,zibamu
1966,16379315,"Ryounosuke Kouriki","2026-06-17 09:37:13",642.6,2,ryounosukekouriki
1967,16401393,amokun,"2026-06-28 01:09:27",642.6,2,amokun
1968,16380732,"TABOUT MHAMED","2026-06-20 15:30:00",642.3,2,taboutmhamed
1969,16372468,k3nt,"2026-06-22 13:13:16",642.3,1,kent34
1970,16373375,denden,"2026-06-24 02:15:14",641.9,2,norichtorich
1971,16398119,"Iwasaki Takanori","2026-06-22 22:01:21",641.8,2,iwasakitakanori
1972,16387413,"Ryoma Suzuki","2026-06-18 10:29:13",641.7,1,ry0maggle
1973,16377691,Akanashi,"2026-06-17 15:34:51",641.4,1,akanashi
1974,16372578,TERUTERU,"2026-06-20 22:08:04",641.4,2,monz65
1975,16402280,Uchitom,"2026-06-24 13:18:16",641.3,2,uchitom
1976,16380658,世界のたまちゃん,"2026-06-18 12:58:25",641.3,2,sekatama
1977,16407946,Jotaro,"2026-06-27 13:40:22",641.2,1,jotaro
1978,16382051,"Masataka Sawada","2026-06-19 05:52:14",641.0,2,masatakasawada
1979,16381161,naokichi4869,"2026-06-17 16:13:19",640.5,2,naokichi4869
1980,16375572,Itton_knight,"2026-06-28 01:01:53",640.2,2,ittonknight
1981,16392721,Uzi_0003,"2026-06-26 10:04:39",640.0,2,uzi0003
1982,16381362,Brian,"2026-06-27 23:00:55",639.8,2,brian1981
1983,16374043,TheDuck,"2026-06-26 23:57:31",639.7,2,jaxroth
1984,16391367,"Fornalha Criativa","2026-06-19 13:17:27",639.6,1,fornalhacriativa
1985,16394479,"Jason Anderson","2026-06-25 11:37:33",639.4,2,jander6364
1986,16379886,SotaKasai,"2026-06-19 03:36:09",639.0,2,sotakasai
1987,16408376,NomiBoo,"2026-06-27 14:29:18",638.9,2,nomiboo
1988,16374066,"STS Works","2026-06-23 00:13:39",638.9,2,stsworks
1989,16392290,"alonso bardales","2026-06-26 14:25:36",638.7,2,alonsobardales
1990,16377552,"Brad Thompson","2026-06-19 07:50:38",638.6,2,bradleybates
1991,16440905,ahawd,"2026-06-27 03:05:56",638.5,2,wd2314
1992,16404889,"Shion Fukuzawa","2026-06-21 21:51:14",638.4,1,shifubear
1993,16408600,yuyumaru,"2026-06-24 12:15:32",638.2,1,yuyumaru
1994,16372861,"Andreas Palmgren","2026-06-17 05:46:32",638.1,2,andreaspalmgren
1995,16431613,"Rijul Gupta","2026-06-25 21:16:57",638.0,2,rijulgupta
1996,16425048,渡辺光洋,"2026-06-27 00:56:38",637.9,2,koyokoyo72
1997,16384280,"Cem Orhan","2026-06-27 16:58:01",637.6,2,orhancem
1998,16373256,EmoLab,"2026-06-26 20:30:19",637.4,2,chiehieida
1999,16388921,Hexylab,"2026-06-27 05:47:08",637.4,2,hexylab
2000,16400162,"Shunsuke Higashi","2026-06-22 10:35:50",637.0,2,shunsukehigashi
2001,16379518,nishiyamadaiki,"2026-06-22 11:34:23",636.9,1,nishiyamadaiki
2002,16383317,どんぐりん,"2026-06-28 01:19:53",636.6,2,"dongurin,soh2626"
2003,16401783,"Mih Zam","2026-06-24 05:42:48",636.3,2,mihzam
2004,16413281,Soliruss,"2026-06-26 09:54:17",636.2,2,solirus
2005,16418877,shintacs,"2026-06-25 06:34:22",636.0,2,"shintacs,ueharariki"
2006,16381500,yomogi221,"2026-06-17 12:56:21",635.7,1,yomogi221
2007,16385544,CourtB559,"2026-06-21 19:49:47",635.4,2,courtb559
2008,16389930,"xiang li122","2026-06-26 16:59:18",635.3,2,xiangli122
2009,16398196,yamuyamu,"2026-06-21 12:57:25",635.3,2,yamuyamu
2010,16415460,MoongladeAI,"2026-06-28 00:12:02",635.1,2,moongladeai
2011,16406840,"K MATSUI","2026-06-21 09:56:59",634.9,1,kmatsi
2012,16383339,"Rishiraj Acharya","2026-06-24 10:50:22",634.9,2,rishirajacharya
2013,16392303,"Jared Luboff","2026-06-19 19:53:36",634.8,2,jaredluboff
2014,16408985,"hiroki kameyama","2026-06-23 14:17:40",634.6,2,hirokikameyama
2015,16402005,masaume,"2026-06-27 05:58:32",634.6,2,umekawa
2016,16395461,Zbida,"2026-06-22 14:55:34",634.3,2,zbidaamine
2017,16376196,mocky700,"2026-06-25 02:16:24",634.0,2,mocky700
2018,16422267,"Stef Limited","2026-06-25 23:01:56",633.8,2,steflimited
2019,16373952,"Sol Rogers","2026-06-27 15:23:00",633.4,2,solrogers
2020,16381540,Spacekuma,"2026-06-26 07:47:49",633.2,2,kimsunghyun76
2021,16384037,inu1234567,"2026-06-19 07:02:32",632.8,2,inu1234567
2022,16375459,niimi_kaggle,"2026-06-21 02:07:49",632.3,2,niimikaggle
2023,16382574,miyajiyuta,"2026-06-27 08:54:24",632.0,2,miyajiyuta
2024,16431675,Syuta,"2026-06-25 08:46:35",631.9,2,nakamurasyuta
2025,16374251,RyotaroAbe,"2026-06-19 16:35:07",631.7,2,ryotaro45123
2026,16410314,aruuu,"2026-06-27 20:26:30",631.7,2,arruuu
2027,16384732,"Francesco Sardo","2026-06-24 18:04:07",631.6,2,fransardo
2028,16379582,sereinless,"2026-06-26 22:17:50",631.6,2,sereinless
2029,16375656,currentbranch,"2026-06-20 10:40:47",631.6,2,currentbranch
2030,16375898,yanto,"2026-06-21 01:32:03",631.6,2,yanto7369
2031,16371460,てうぽけ,"2026-06-25 06:07:36",631.5,2,"c0a24013,siitake667"
2032,16381843,岸本蒼唯,"2026-06-17 13:55:07",631.5,1,kazzhead
2033,16400889,cAco3,"2026-06-24 16:42:35",630.0,2,caco3r
2034,16374190,"aa mujou","2026-06-18 08:39:22",629.9,2,aamujou
2035,16382745,立て板に水,"2026-06-27 19:25:11",629.8,2,tateitamizu
2036,16378001,"sa s","2026-06-25 14:12:07",629.7,2,sas080
2037,16376408,hk15,"2026-06-18 21:52:23",629.6,2,"harshakrishna15,insainian,nawfalak"
2038,16384715,keigo_take,"2026-06-17 22:19:01",629.5,1,keigotake
2039,16425315,georgexue666,"2026-06-27 21:28:43",629.5,2,georgexue666
2040,16373215,Reinhard,"2026-06-27 20:50:25",629.3,2,trainhard
2041,16377655,Soraice,"2026-06-24 23:10:45",629.3,2,fsiceangel
2042,16379523,Konosuke_Takeshima,"2026-06-18 15:25:14",629.3,2,konosuketakeshima
2043,16376111,venom,"2026-06-28 00:58:04",629.0,2,venomcreations
2044,16408470,RiJ,"2026-06-26 18:54:28",628.9,2,junichirokawano
2045,16412232,kibinyan,"2026-06-27 06:47:23",628.7,2,kibinyan
2046,16405188,"Insper TCG","2026-06-27 22:21:40",628.5,2,victordolnikoff
2047,16379219,Fotone,"2026-06-20 16:59:32",628.3,2,fotone
2048,16395174,kaerururu,"2026-06-27 21:20:28",628.0,2,kaerunantoka
2049,16430159,"Dmitry Volovikov","2026-06-25 17:10:29",627.8,2,dmitryvolovikov
2050,16382304,ntk_ta01,"2026-06-18 15:45:09",627.2,2,ntkta01
2051,16374089,rikulist,"2026-06-20 16:13:38",627.2,2,rikulist
2052,16375987,quwon_000,"2026-06-27 10:45:31",627.2,2,quwon000
2053,16424814,TrentXr4y,"2026-06-26 05:40:18",627.0,2,trentxr4y
2054,16371895,"DD Adai","2026-06-27 08:34:00",626.5,2,ddadai
2055,16436225,yucho147,"2026-06-27 18:52:35",626.3,2,yucho147
2056,16376546,talkinglion,"2026-06-22 03:57:47",626.0,1,talkinglion
2057,16376745,paistieco,"2026-06-25 03:21:04",625.7,1,gregorypoist
2058,16393992,"KASSEN inc.","2026-06-27 00:21:06",625.7,2,talahiroota
2059,16442457,shu-piplup,"2026-06-27 14:29:55",625.6,2,shupiplup
2060,16383032,"hieda kazvki","2026-06-27 11:44:58",625.4,2,"kazvki,shunyanhieda"
2061,16382262,"Alessandro Campolo","2026-06-27 06:41:53",625.1,2,alessandrocampolo610
2062,16400957,"AKIRA TAKADA","2026-06-24 16:02:03",625.0,2,akiratakada
2063,16371829,kurupical,"2026-06-26 17:10:47",624.9,2,kurupical
2064,16375661,kokoa,"2026-06-26 05:13:52",624.6,2,aoiokayama
2065,16433945,Leifson1337,"2026-06-27 22:28:28",624.5,2,leifson1337
2066,16392519,tonpeeee_pokemon,"2026-06-26 16:35:54",624.3,2,"berrytea,smeargle31415,yamakaggler"
2067,16396468,sakataxr,"2026-06-25 22:29:25",623.7,2,sakataxr
2068,16377570,VeeVee!Go,"2026-06-25 19:19:21",623.2,2,yuafox
2069,16441760,Hideshima,"2026-06-27 07:59:43",623.0,2,hideshima
2070,16371808,Pranay,"2026-06-19 09:00:11",623.0,2,pranay7867
2071,16385958,bacon4423,"2026-06-27 11:09:06",623.0,2,bacon4423
2072,16435763,kinotako,"2026-06-26 02:33:35",622.9,1,kinotako
2073,16389558,"Yuki Fukamizu","2026-06-18 16:49:42",622.7,2,marketfuka
2074,16389547,SAKU,"2026-06-23 04:20:25",622.6,2,yuutasakurada
2075,16432932,"Haruto Koizumi","2026-06-28 00:52:59",622.6,2,harutok
2076,16441533,kazuki0123,"2026-06-27 14:39:06",622.5,2,kazuki0123
2077,16417941,qiancheng1999,"2026-06-23 05:50:49",622.4,2,qiancheng1999
2078,16384726,しょーへー,"2026-06-24 22:51:39",622.1,2,shohei0510
2079,16372980,"Yuminosuke Sato","2026-06-26 02:50:21",621.9,2,yuminosukesato
2080,16380070,Limo,"2026-06-21 15:30:12",621.9,2,kotodama
2081,16375823,nodel,"2026-06-23 06:28:11",621.6,2,ndkikuchi
2082,16409208,"Sky kun","2026-06-27 21:25:06",621.4,2,skykun
2083,16432990,"Stas Chereshkevich","2026-06-26 11:07:46",621.3,2,staschereshkevich
2084,16400159,RyoK,"2026-06-25 03:25:53",621.2,2,ryosukekurakami
2085,16377175,kiyu,"2026-06-27 16:31:42",621.2,2,caimiac
2086,16395996,ninjya777,"2026-06-25 00:40:41",621.1,2,ninjya777
2087,16378553,EliKal,"2026-06-26 12:28:02",620.8,2,eliork
2088,16395520,oldoty,"2026-06-27 16:05:23",620.8,1,oldoty
2089,16377531,wbt,"2026-06-21 05:21:59",620.7,2,luisalfredolorenzo
2090,16380545,aki,"2026-06-27 07:44:30",620.5,2,akihiroogaya
2091,16382523,CodeHacker,"2026-06-25 11:51:47",620.2,2,junhanzangai
2092,16382112,"Shuri Ikeno","2026-06-27 16:17:59",619.9,2,shuriikeno
2093,16376871,"jesus riva","2026-06-17 17:34:11",619.8,2,jesusriva
2094,16379759,"Keiya Yamashita","2026-06-20 13:09:17",619.6,2,keiyayamashita
2095,16377792,ASAGAO,"2026-06-26 09:17:53",619.6,2,shunsukenaito
2096,16413741,"Sung Heo","2026-06-22 17:47:13",619.3,2,kmmmvs
2097,16392227,matsubarajotaro,"2026-06-23 03:45:01",619.3,1,matsubarajotaro
2098,16379331,The8BitsLab,"2026-06-20 22:07:23",619.1,2,the8bitslab
2099,16378844,いもぺ,"2026-06-25 21:00:37",619.0,2,keimsd
2100,16387979,keroqueue,"2026-06-25 21:19:40",618.9,2,keroqueue588
2101,16383375,"Kz hara","2026-06-22 15:05:38",618.9,2,kzhara
2102,16426607,"Andrin Rehmann","2026-06-26 07:20:59",618.8,2,andrinrehmann
2103,16378682,"Shih Hua Chou","2026-06-25 10:53:30",618.8,2,shihhuachou
2104,16373511,"Got That Weedle?","2026-06-28 00:43:27",618.7,2,robboyd
2105,16382530,lilylily26,"2026-06-28 00:38:57",618.6,2,lilylily26
2106,16382443,berry8192,"2026-06-20 14:40:04",618.6,2,berry8192
2107,16376176,Kakeru,"2026-06-27 14:19:12",618.4,2,kakeruyoshinaga
2108,16375066,PoKade,"2026-06-27 22:59:04",618.2,2,"kylexia,xunfanxia"
2109,16442959,kkunizaw,"2026-06-27 17:09:54",618.2,2,kkunizaw
2110,16372376,iwtn,"2026-06-27 13:47:20",618.0,2,itanium217
2111,16414446,Nidy,"2026-06-26 13:13:39",617.9,1,"huihungchen0606,nikolayganozov"
2112,16386987,ak4ne,"2026-06-26 01:31:47",617.8,2,ak4ne114
2113,16371632,結束バンド,"2026-06-27 11:10:51",617.8,2,"asmuchas,cocoaai"
2114,16403737,"Edgar Silva R","2026-06-23 16:50:25",617.8,2,edgarsilvar
2115,16375634,shuheitagawa,"2026-06-27 06:34:06",617.7,2,shuheitagawa
2116,16371427,bono,"2026-06-27 08:54:25",617.5,2,kjoonha
2117,16379914,"Ryusei Murakami","2026-06-17 18:28:44",617.5,1,ryuseimurakami
2118,16394562,"Wataya Iga","2026-06-27 14:55:31",617.1,2,watayaiga
2119,16381281,"Akito Matsuyama","2026-06-24 10:53:31",617.1,2,akitomatsuyamasuu
2120,16409831,"Yuki Mizutani","2026-06-27 01:04:41",616.9,2,yukimizutani
2121,16391124,"[Deleted] d2d01a41-e61c-4d9b-b355-e1424512bf13","2026-06-18 22:06:10",616.8,1,del=c46db3e99f3200e7
2122,16394589,"Bruno Escalhao","2026-06-28 00:02:47",616.6,2,"brunoescalhao,guilhermepedroso"
2123,16373189,"Hung Sheng Shih","2026-06-18 07:38:01",616.6,2,hungshengshih
2124,16382999,"EMANUELE MARLIA","2026-06-22 12:07:29",616.5,2,emanuelemarlia
2125,16390180,600626_วายุ,"2026-06-20 16:17:58",616.4,2,wayutharai
2126,16393671,"Kakeru Hashimoto kaito","2026-06-21 13:26:34",615.6,1,kakeruhashimotokaito
2127,16372976,Hishi057,"2026-06-17 12:30:18",615.3,2,hishi057
2128,16397824,osakana_daisuki,"2026-06-27 12:46:39",615.2,2,osakanadaisuki
2129,16376228,"Hondo Tamez","2026-06-17 12:07:37",615.0,2,hondotamez
2130,16427842,OceFFFF,"2026-06-27 05:32:11",615.0,2,oceanfujimoto
2131,16411665,morux2,"2026-06-27 03:12:56",615.0,2,morux2
2132,16430922,taku_Kuma,"2026-06-24 15:56:08",614.8,3,"junichiozaki,ppikegamipli12hi009,superyyyyy,takukuma"
2133,16372743,tamakiken_OB,"2026-06-20 04:56:44",614.7,3,"fukuzawatakumi,shimonhori,versavice"
2134,16377372,齋藤壮汰,"2026-06-22 03:55:17",614.3,2,samaru0521
2135,16388371,Masa,"2026-06-24 11:59:14",614.2,2,tomochi
2136,16376175,Klee319,"2026-06-27 07:44:52",614.2,2,klee319
2137,16412653,ホテルくましい,"2026-06-22 07:19:21",614.0,1,kumasshii
2138,16391756,"MAKOTO MATUDA","2026-06-25 15:00:58",614.0,2,makotomatuda
2139,16417469,"Samuel Birocchi","2026-06-24 20:40:57",613.9,2,samuelbirocchi
2140,16374861,"Mateusz Pawełczuk","2026-06-26 00:20:16",613.7,2,mateuszpaweczuk
2141,16430457,kokomi,"2026-06-27 03:52:54",613.7,2,koukoumi
2142,16374334,"Kenshin Kikuchi","2026-06-16 19:00:46",613.6,2,kenshinkikuchi
2143,16373109,michaeloblak,"2026-06-17 09:37:55",613.6,1,michaeloblak
2144,16387849,Oikon,"2026-06-24 15:22:28",613.4,2,oikon48
2145,16372377,"DŨNG HỒ ANH","2026-06-27 02:58:55",613.4,2,dnghanh000
2146,16443449,スヤマナオキ,"2026-06-27 23:32:18",613.3,2,naoki10
2147,16430278,miyakokonbu,"2026-06-27 13:04:28",613.3,2,miyakokonbu
2148,16431917,kyuuuuro,"2026-06-27 14:18:00",613.3,1,"kuromaru4869,yamajin"
2149,16379713,palsanp,"2026-06-17 09:05:39",612.7,1,palsanp
2150,16383088,Mactorr,"2026-06-25 23:43:52",612.7,2,mactorr
2151,16392396,"Rushil Ramachandran","2026-06-22 04:07:45",612.6,2,rushilramachandran
2152,16375919,"crey joswick","2026-06-21 21:24:52",612.4,2,creyjoswick
2153,16407883,"MASAYU KOBAYASHI","2026-06-27 02:28:16",612.4,2,masayukobayashi
2154,16375817,MizoTake,"2026-06-27 11:44:05",612.4,2,mizotake
2155,16416048,pop-ketle,"2026-06-27 14:26:55",612.1,2,popketle
2156,16385218,terassyi,"2026-06-27 16:05:24",611.8,2,terassyi
2157,16394132,"Ryohei Matsumoto","2026-06-24 14:10:38",611.4,2,te28matsumoto
2158,16389252,re_eee_ne,"2026-06-27 14:12:34",611.1,2,reeeene
2159,16371474,"Shardul Gharat","2026-06-19 17:35:34",610.9,1,shardulgharat
2160,16390204,1000PARTY,"2026-06-27 14:11:16",610.6,2,"osadayuiki,sisfelia"
2161,16380649,Electoria,"2026-06-27 16:52:37",610.0,2,tomonakamu
2162,16424674,"Timmy Juicehouse","2026-06-28 00:09:11",609.7,2,sweetyheehee
2163,16417304,tyindolent,"2026-06-23 07:34:36",609.3,1,tyindolent
2164,16429305,"Zammaar Shafqat Malhi","2026-06-25 14:02:31",609.3,2,zammaar
2165,16385011,"curry panda ex","2026-06-26 00:05:47",609.2,1,kyopanda
2166,16372457,colt,"2026-06-18 03:31:08",609.2,1,xiaomaguo
2167,16381274,MCH,"2026-06-27 16:35:10",609.1,2,"gamesenmu,henonun,tarumikei"
2168,16372761,yamatchan,"2026-06-25 01:07:12",609.0,2,yamatchanjp
2169,16380494,ryupoke,"2026-06-22 14:04:12",609.0,2,ryupoke
2170,16402947,"Thomas Cook","2026-06-22 04:21:00",608.7,2,curiouskoala
2171,16410131,"Hidden State Labs","2026-06-27 18:18:44",608.6,2,syedhamzaai
2172,16417863,jp_nerdery,"2026-06-28 00:03:06",608.4,2,ytochii
2173,16388956,micchy,"2026-06-28 01:21:44",608.3,2,micchy326
2174,16381243,tabby,"2026-06-20 01:14:01",608.2,1,tabby1123
2175,16397781,watawata_user,"2026-06-25 04:33:51",608.1,2,watawatauser
2176,16393106,Rixu324,"2026-06-23 15:28:15",607.6,2,rixu324
2177,16382268,lolnazo,"2026-06-19 11:40:30",607.4,2,lolnazo
2178,16397186,zegure392end5321d,"2026-06-27 12:53:55",607.4,2,zegure392end5321d
2179,16388914,"Yamada Iwao","2026-06-27 19:31:10",607.4,2,order0
2180,16373130,"Jeffrey Pike","2026-06-17 19:56:01",607.1,2,jeffreypikeai
2181,16372576,kyulkyu,"2026-06-18 01:17:27",606.7,2,kyulkyu
2182,16384542,"Kev' Vervier","2026-06-26 14:09:07",606.6,2,kevinvervier
2183,16382837,himhim616,"2026-06-24 00:09:16",606.5,2,kazukihimura
2184,16414875,Matsuokaaaaa,"2026-06-27 10:06:07",606.2,2,matsuokaaaaa
2185,16385069,"saishi hghr","2026-06-27 23:19:45",606.1,2,saishihghr
2186,16374588,daniel,"2026-06-23 15:02:17",606.0,2,danielqing
2187,16406207,"T U (seiryu0730)","2026-06-27 08:17:02",606.0,2,tuseiryu0730
2188,16385984,mono_ogu,"2026-06-26 14:08:20",605.9,2,monoogu
2189,16388107,pipi14ramu,"2026-06-21 15:57:29",605.6,2,pipi14ramu
2190,16422439,discoverybytes,"2026-06-26 22:48:56",605.5,2,johnproudfoot
2191,16378845,DDDomyo,"2026-06-22 08:11:22",605.1,2,"dddomyo,loxonin"
2192,16411543,"Maxwell Goisman","2026-06-27 00:02:32",604.8,2,maxwellgoisman
2193,16398621,yottan0304,"2026-06-28 00:59:13",603.8,2,yottan0304
2194,16380743,"Ashutosh Agarwal","2026-06-27 05:20:56",603.8,2,ashutoshagarwal088
2195,16381449,kouta0226,"2026-06-19 08:22:06",603.5,2,kouta0226
2196,16421550,ChampionTCG,"2026-06-25 13:02:03",603.3,2,championtcg
2197,16375467,sunako24d,"2026-06-26 02:52:32",602.5,2,sunako24d
2198,16389318,toru,"2026-06-20 16:23:21",602.4,2,torunagano
2199,16385633,ys1997,"2026-06-26 20:41:07",602.4,2,ys0923
2200,16442245,wingsyuyi-satori,"2026-06-27 12:15:05",602.2,2,wingsyuyisatori
2201,16385361,"Kazutoshi Inoue","2026-06-27 09:33:38",601.6,2,"kakerusugiyama,kazutoshiinoue,ryumaishiguro"
2202,16379316,yumizu,"2026-06-27 08:22:24",601.6,2,yumizzzz
2203,16387980,H.Y,"2026-06-25 13:04:39",601.6,2,"hiroyokomizo,keisukeitou"
2204,16376818,NTUPM,"2026-06-27 02:39:04",601.3,2,"rareone0602,tommytang0122,yawei1234"
2205,16400151,yankang_XZK,"2026-06-21 11:35:28",601.2,2,yankang233
2206,16411382,東アジアフォレストリバー探検隊,"2026-06-25 09:07:54",601.1,2,jumpeitsujimoto
2207,16375215,mewworldorder,"2026-06-25 06:49:09",600.5,2,xiaoxiaomichaellong
2208,16371806,hida1211,"2026-06-22 08:50:17",600.4,2,hida1211
2209,16408528,MtN,"2026-06-28 01:40:45",600.0,2,mariotrsn
2210,16391455,rode,"2026-06-28 01:40:40",600.0,2,rode1234
2211,16443196,"Changyuan Chen","2026-06-28 01:40:49",600.0,2,changyuanchenmit
2212,16441777,"Jingyuan Huang","2026-06-28 01:41:45",600.0,2,henrytb
2213,16378696,Soshosai-Live!,"2026-06-28 01:42:01",600.0,2,"novice1248,sshow14,usami0611,yamazakiharuto"
2214,16385372,kashiwashira,"2026-06-28 01:43:23",600.0,2,kashiwashira
2215,16399811,梅田真宙,"2026-06-28 01:44:08",600.0,2,mahiro770
2216,16379894,"MORIOKA Tsuoi","2026-06-28 01:44:13",600.0,2,"iiinada,koshin953,moriokatsuoi,shogonagashima"
2217,16417358,NoOne,"2026-06-28 01:44:59",600.0,2,allencaixy
2218,16414066,Guenoir,"2026-06-27 16:33:42",599.9,2,joshuamichael15
2219,16419093,ApoloVTGC,"2026-06-27 16:30:51",599.7,2,apolovtgc
2220,16375925,Kensei,"2026-06-19 04:21:01",599.3,2,kenskens
2221,16383335,Kouhei　Sakamoto,"2026-06-22 11:57:06",599.3,2,kohesaka
2222,16372065,"Chekhlov Dmitrii","2026-06-16 16:27:39",599.0,2,zoli800
2223,16394636,Hamish,"2026-06-19 17:57:08",598.7,2,hamishdickson
2224,16385520,aosi123,"2026-06-27 11:19:59",598.7,2,aosiai123
2225,16391429,tarakobasuta,"2026-06-23 12:01:16",598.5,2,tarakobasuta
2226,16383779,"Rauru Okitani","2026-06-18 16:11:17",598.4,2,rauruokitani
2227,16388324,"Midori Tatasuta","2026-06-20 09:56:54",598.3,2,midoritatasuta
2228,16378549,"HIKARU MATSUDA","2026-06-26 06:27:45",598.2,2,hikarumatsuda
2229,16399116,"Brendan Gho","2026-06-27 05:51:18",597.8,2,brendangho
2230,16378723,CYLIM87,"2026-06-25 15:16:28",597.7,2,cylim87
2231,16430376,yoikoarmor,"2026-06-26 15:42:29",597.6,2,yoikoarmor
2232,16371442,"Egor Tkachenko","2026-06-27 09:24:48",597.3,2,egortkachenko
2233,16383277,Forager,"2026-06-27 00:32:51",597.1,2,mrswazzy21
2234,16393980,"Abraham P. Jaison","2026-06-21 07:16:20",597.0,2,abrahampjaison
2235,16377172,SachinChand,"2026-06-17 10:26:13",596.9,2,spiderman
2236,16375090,"n shuhei","2026-06-17 19:13:11",596.9,2,sapphirens
2237,16413641,"Natpaphon Nukhunthod","2026-06-26 10:21:12",596.8,2,natpaphonnukhunthod
2238,16387557,"Joseph Kharzo","2026-06-23 03:17:33",596.8,2,jekojekojeko
2239,16377021,Alternate,"2026-06-20 17:27:25",596.8,2,babashunsuke2005
2240,16414878,gerbera_105,"2026-06-22 14:34:05",596.4,1,gerbera105
2241,16376903,ImANoob1122,"2026-06-18 10:53:44",596.2,1,imanoob1122
2242,16373035,akiakane,"2026-06-27 11:36:59",596.2,2,"aohebi7,hideohideo"
2243,16385594,daigakupotato,"2026-06-27 23:15:22",596.1,2,kiyopote
2244,16386512,funahara,"2026-06-26 07:09:41",596.0,2,funahara
2245,16385382,KentoKuri,"2026-06-27 13:43:42",595.8,2,kentokuribayashi
2246,16381807,Squirrel,"2026-06-27 06:27:39",595.6,2,bunnykeeper
2247,16377053,Ushimaru,"2026-06-25 11:43:30",595.5,2,behindkun
2248,16427632,"Mike Zeng 2009","2026-06-25 00:39:35",595.4,1,mikezeng2009
2249,16400014,__Taichicchi__,"2026-06-28 01:26:56",595.2,2,hutch1221
2250,16385513,"SB Kaggle","2026-06-22 11:10:37",594.8,2,"moratoryvan,totallynew"
2251,16384348,"Lucas Henrique Mateo","2026-06-18 18:21:47",594.8,2,lucashmateo
2252,16375921,Seasaw,"2026-06-27 12:56:56",594.7,2,"buchidev,chickbreast,graypein,ryuumehara"
2253,16397687,JuhoPark94,"2026-06-22 00:14:37",594.7,2,juhopark94
2254,16379277,TomoyaM,"2026-06-23 14:17:11",594.6,2,tomoyamiyaake
2255,16408276,wattanx,"2026-06-25 08:02:25",594.4,2,wattanx
2256,16392082,shoot0645,"2026-06-27 14:45:51",594.3,2,shoot0645
2257,16385537,keithtyser,"2026-06-27 19:12:52",594.3,2,keithtyser
2258,16415109,GOTCHA,"2026-06-27 14:18:18",594.2,2,jongil
2259,16443392,inoue0x54,"2026-06-28 01:34:55",594.0,2,inoue0x54
2260,16377875,"Atom McCree","2026-06-17 06:28:11",594.0,2,atommccree
2261,16430616,satouttu,"2026-06-25 03:10:33",593.9,1,satouttu
2262,16373041,okadayuki,"2026-06-20 04:35:54",593.9,2,okada2023
2263,16394955,シャカパチロボ,"2026-06-27 17:08:12",593.8,2,teppei0120
2264,16407413,Libur_,"2026-06-22 16:39:06",593.7,2,liburrr
2265,16382915,highwide,"2026-06-26 07:43:29",593.5,2,highwide
2266,16387037,"ParrotHunter HD","2026-06-19 12:03:46",593.1,2,parrothunterhd
2267,16387950,"KAI JP","2026-06-27 11:21:54",593.0,2,trikai
2268,16374816,"Nathan Arellano","2026-06-27 00:31:42",593.0,2,nathanarellano
2269,16395468,nyanlinnmya,"2026-06-27 04:35:13",592.9,2,nyanlinnmya
2270,16381421,fasly,"2026-06-24 03:21:17",592.8,2,fasly2416
2271,16378603,"Santipab Tongchan","2026-06-18 05:18:20",592.8,2,santipabtongchan
2272,16411067,Alphote,"2026-06-26 06:35:49",592.8,2,alphote
2273,16382181,shuto_shizuku,"2026-06-21 06:48:42",592.4,2,shutoshizuku
2274,16374020,ha-sanC4,"2026-06-20 17:44:13",592.4,2,hasanc4
2275,16374016,"Ethan Yang","2026-06-20 23:50:58",592.2,2,ysyang95
2276,16379508,"George Olteanu","2026-06-17 23:06:56",592.2,2,olteanu
2277,16372640,"Hiromi Motodera","2026-06-18 03:17:18",591.8,2,hiromimotodera
2278,16386353,"村松 大介","2026-06-26 00:01:22",591.3,2,nattoucurry
2279,16380565,Issy,"2026-06-18 10:45:44",591.2,2,issytechie
2280,16385243,Laysen,"2026-06-21 00:24:24",590.8,2,jpauloo
2281,16378307,d_tree_love,"2026-06-21 00:37:30",590.7,2,yuki11ii
2282,16376308,"Jane Long","2026-06-24 06:18:49",590.6,2,maisonhortensia
2283,16387093,"Jun AKita","2026-06-24 11:20:12",590.5,2,junakita
2284,16376201,poolim,"2026-06-28 00:45:02",590.4,2,poolim
2285,16385975,Dapp,"2026-06-28 00:08:15",590.2,2,lgloria
2286,16392758,RadicalAceK,"2026-06-24 05:13:19",590.2,1,radicalacek
2287,16384995,fishing_kiyogon,"2026-06-21 19:58:15",590.0,2,fishingkiyogon
2288,16398282,"Opallo Collins","2026-06-21 02:49:03",589.9,2,opallo
2289,16378060,"Luca Lullo","2026-06-24 12:56:33",589.7,2,lucalullo
2290,16377108,BlueSteel,"2026-06-21 07:40:38",589.5,2,zhy65401
2291,16389703,NiaAtSyzd,"2026-06-19 15:42:26",589.5,2,niaatsyzd
2292,16395157,"Eesh saxena","2026-06-21 04:21:06",589.5,2,eeshsaxena
2293,16386501,arrow_utpoke,"2026-06-27 05:47:03",589.3,2,arrowutpoke
2294,16374277,Y.Kaisei,"2026-06-27 20:07:26",589.0,2,ykaisei
2295,16373925,NaOH,"2026-06-27 15:32:40",588.9,2,naoh1181
2296,16383715,"Léo DEVIN","2026-06-27 13:27:12",588.7,2,lodevin
2297,16384579,Dons,"2026-06-27 23:06:20",588.3,2,"jonanakaiml,paulyokota"
2298,16372708,TidalBuckeye,"2026-06-16 14:30:12",588.0,1,tidalbuckeye
2299,16389043,Pushu?,"2026-06-26 16:37:21",588.0,2,"atshimamura,galois1123"
2300,16392156,esu_mitsunari,"2026-06-19 03:47:51",587.7,2,esumitsunari
2301,16374875,Morcillones,"2026-06-16 21:51:30",587.5,2,"davidbacasposadas,ismaelsallamimoreno,jugabe24,julincarrin,xjoseangel"
2302,16378610,600505-ศิวกร,"2026-06-19 02:55:32",587.3,2,siwakornseeswan
2303,16381617,"hiroto fujimori","2026-06-19 13:26:38",587.2,2,hirotofujimori
2304,16389449,oliver,"2026-06-19 13:58:05",587.2,2,oliverlang
2305,16433330,capella,"2026-06-27 18:15:23",587.1,2,capella007
2306,16372862,sbite0138,"2026-06-19 16:27:14",587.0,2,sbite0138
2307,16372011,Azalearn,"2026-06-26 03:47:39",587.0,2,"androidss,hikarusakamoto"
2308,16400684,Shizupoke,"2026-06-27 12:00:54",586.9,2,"flat1017,kazzzaspala,pokenushi"
2309,16417680,Gary,"2026-06-23 04:44:28",586.2,2,hsiaogary
2310,16386294,"SOUTA Sakurai","2026-06-27 08:28:35",586.2,2,soutasakurai
2311,16414130,"Team 阿頼耶識","2026-06-25 16:57:00",586.1,2,"gendaijin,shimky"
2312,16375770,Condor,"2026-06-21 00:22:41",585.9,2,ryoyaiwatsu
2313,16412970,Gloxynia,"2026-06-23 16:41:48",585.9,2,gloxynia
2314,16382645,"Minh Ly","2026-06-25 19:29:29",585.6,2,mlkhan22
2315,16376253,Soma,"2026-06-27 06:30:54",585.6,2,users0ma
2316,16371476,porply,"2026-06-17 02:50:44",585.4,2,porply
2317,16376914,"Reilly Cooper","2026-06-19 20:37:19",585.1,2,reillycooper
2318,16385637,"Kaito Sugiyama","2026-06-21 08:28:58",585.1,2,ultimatemagic79
2319,16372522,PRMNC,"2026-06-27 15:14:23",585.1,2,"ichi2804,nanameru,yoheifutamura"
2320,16376875,torii_kujirapoke,"2026-06-23 14:11:56",584.8,2,kujirapoke
2321,16386376,monyai,"2026-06-20 11:52:29",583.9,2,monyai
2322,16394944,sakuyuna,"2026-06-22 13:55:04",583.9,2,sakuyuna
2323,16401557,YusukeSai0407,"2026-06-27 12:27:25",583.8,2,yusuketto
2324,16388031,tk1024,"2026-06-20 15:31:23",583.6,2,kaggletk1024
2325,16392080,cgaines,"2026-06-21 02:49:43",583.4,2,cgaines
2326,16382565,Jerryssk31,"2026-06-27 04:50:58",583.2,2,jerryssk31
2327,16387077,kotone,"2026-06-27 17:41:57",582.9,2,kotone1027
2328,16395089,gota,"2026-06-19 21:43:44",582.7,2,gshirato
2329,16373257,"ЧАРИЗАРД Я ВЫБИРАЮ ТЕБЯ","2026-06-26 15:23:55",582.4,4,"aristophanivan,johnjanson,makarrogovik,naladwepo,romantamrazov"
2330,16416027,"Patrick M.","2026-06-23 06:53:52",582.2,2,pigenesis75
2331,16382518,Team,"2026-06-27 00:09:03",582.1,2,"conormacamhlaoibh,kenyeungtech"
2332,16400857,sakura_atm,"2026-06-26 15:24:33",581.9,2,sakuraatm
2333,16404601,HeartGold,"2026-06-21 20:22:23",581.9,2,sevenastro
2334,16386056,iwatsushi,"2026-06-27 17:35:52",581.7,2,iwatsushi
2335,16372893,"Marcus Vinicius","2026-06-28 00:51:10",581.7,2,marcux777
2336,16391983,Hinapipipipi,"2026-06-20 18:05:03",581.7,2,hinapipipipi
2337,16414955,dT3Tbx,"2026-06-22 16:17:12",581.6,2,dt3tbx
2338,16382127,"Shridipa ","2026-06-17 17:59:05",581.6,2,shridipa
2339,16381170,yukiharada1228,"2026-06-19 12:04:26",580.9,2,yukiharada1228
2340,16377147,TechRegigigas,"2026-06-23 00:38:56",580.8,2,"eitarox,kengokawashima1992"
2341,16386182,Choruru,"2026-06-26 08:55:07",580.3,2,choruru
2342,16421669,ichitaro3,"2026-06-27 16:57:32",580.2,2,"ichitaro3,nao1nao"
2343,16373103,tera358,"2026-06-28 00:52:52",580.2,2,tera358
2344,16375343,Glorian,"2026-06-17 23:44:08",580.1,2,glorian
2345,16389072,Anmol611,"2026-06-23 22:19:57",579.3,2,anmol611
2346,16422590,"YOGESH M","2026-06-27 17:35:03",579.2,2,yogeshm4216
2347,16395265,"Mibbles' Lab","2026-06-27 04:21:54",579.2,2,mibbles
2348,16441077,"Aliy Elbekov","2026-06-27 07:13:15",579.1,1,aliyelbekov
2349,16443923,Rataro.S,"2026-06-28 00:50:43",578.9,2,kantomori0421
2350,16388066,Ryu_san,"2026-06-27 07:00:18",578.3,2,ryusan
2351,16387832,salmon2nd,"2026-06-27 02:30:11",578.3,2,salmonjiro
2352,16430069,"Antonino Zumbo","2026-06-25 23:25:17",578.2,2,olliz92
2353,16440959,hosoka-r,"2026-06-27 02:32:37",577.9,1,hosokar
2354,16389233,yk_aiiii,"2026-06-21 09:04:11",577.8,2,ykaiiii
2355,16411951,Ryutogrrr,"2026-06-27 08:22:52",577.6,1,ryutogrrr
2356,16373014,ZAOUI_Yassine,"2026-06-16 15:21:57",577.3,2,zaouiyassine
2357,16385260,"Honda Motomasa","2026-06-18 06:11:41",577.1,2,hondamotomasa
2358,16381096,sender1999,"2026-06-20 02:16:13",576.9,2,"mksmks11,sender1999"
2359,16373432,torusuke,"2026-06-27 15:45:22",576.9,2,torusuke
2360,16380567,"Chattso-GPT (Yasuhito Yanagisawa)","2026-06-18 11:01:56",576.7,2,yasuhitoyanagisawa
2361,16427437,"masaaki imai","2026-06-24 13:21:56",576.5,1,masaakiimai
2362,16377502,chinaq,"2026-06-24 03:32:09",576.5,2,chinaq
2363,16407703,"Cybolt Solutions","2026-06-23 04:43:54",576.5,2,troycallahan
2364,16397275,"Keisuke Ota (Kei)","2026-06-22 15:54:26",576.3,2,keisukeotakei
2365,16376865,CSCMU,"2026-06-19 08:13:57",576.3,2,"saimaisaifah,trukkanchanunt"
2366,16374741,sironekosama,"2026-06-24 12:58:43",575.8,2,sironekosama
2367,16404795,KuroNeko_Game_Club,"2026-06-28 01:01:21",575.7,2,kuronekogameclub
2368,16376346,yuu2704,"2026-06-27 16:58:18",575.5,2,yuu2704
2369,16433879,infamemconculcemus,"2026-06-26 21:40:33",575.4,2,jcgweb
2370,16374199,psyrax012,"2026-06-27 06:37:11",575.3,2,psyrax012
2371,16380843,totoko,"2026-06-20 14:23:59",575.2,2,totoko
2372,16385655,gaskitcg,"2026-06-18 02:52:19",575.0,1,"agustinperkins,gaskitcg,leofernandezdasilva"
2373,16407004,"Roland Gerlinger","2026-06-26 11:30:12",575.0,2,rolandgerlinger
2374,16381438,"Shintaro Sekimoto","2026-06-19 05:39:24",574.8,2,tarowork
2375,16372838,Kmart0112,"2026-06-25 00:19:28",574.0,2,kmart0112
2376,16377093,"KT MATA","2026-06-28 00:27:25",573.8,2,ktmata
2377,16373150,KTG,"2026-06-19 02:41:35",573.8,2,kg2500
2378,16441553,jun.2.tam,"2026-06-27 08:16:54",573.5,1,jun2tam
2379,16409184,sageintelli,"2026-06-27 14:48:05",573.2,2,sageintelli
2380,16441362,xyc6667,"2026-06-27 09:48:37",573.2,2,xyc6667
2381,16373637,"Keach Inoue","2026-06-27 15:57:00",573.1,2,keachinoue
2382,16377179,"Jake Peterson","2026-06-18 21:43:33",572.9,2,jakewp11
2383,16383357,"Sholtis Labs","2026-06-27 15:51:10",572.8,2,sholtislabs
2384,16379397,"Takuma Ishii","2026-06-17 15:56:09",572.7,2,takumaishii
2385,16371578,Jimmer,"2026-06-18 19:28:26",572.6,2,przemysawonr
2386,16381435,N,"2026-06-27 18:06:55",572.5,2,"masakiaota,norikmb,occccn,shichi,sidett"
2387,16378194,孤独のコーヒー,"2026-06-24 10:32:22",572.4,2,solitarycoffee
2388,16396723,"T Okano","2026-06-20 19:42:06",572.3,1,tokano
2389,16373978,Halcy8312,"2026-06-19 09:39:01",572.3,2,halcy8312
2390,16382536,田中裕大,"2026-06-21 08:26:02",572.2,2,nico9677
2391,16393006,kuromoka,"2026-06-28 01:35:04",572.1,2,kuromoka
2392,16382632,"Tuna Xiao","2026-06-23 05:39:09",571.9,2,tunaxiao
2393,16379784,ima_AI123,"2026-06-27 16:55:50",571.9,2,imaai123
2394,16406640,gecogeco,"2026-06-27 23:16:48",571.7,2,roshihy
2395,16405682,atuage70,"2026-06-26 12:54:18",571.6,2,atuage
2396,16376477,IwaKri,"2026-06-27 20:45:43",571.6,2,iwakri
2397,16371538,Maxim,"2026-06-16 12:35:05",571.5,2,ektarr
2398,16408529,"Anuj Saha","2026-06-23 09:55:04",571.4,2,anujsaha0123456789
2399,16402724,YY0422,"2026-06-28 00:56:41",571.3,2,"inuzukichan,yotayamada0422"
2400,16381425,"Eli C. Lowry","2026-06-27 12:29:52",571.3,2,eliclowry
2401,16377068,"Zero Coke","2026-06-17 07:01:42",571.0,1,zer0coke
2402,16380229,"Kaiba Corporation","2026-06-26 00:44:06",570.9,2,mkesen
2403,16379853,naoki,"2026-06-20 09:33:21",570.8,2,naoki777
2404,16397083,yoshikawa,"2026-06-19 23:36:02",570.3,2,shogo1
2405,16381303,koki334,"2026-06-24 15:31:35",570.2,2,koki334
2406,16397565,hakobe,"2026-06-23 23:57:02",570.2,2,yoheifushii
2407,16376017,KEN,"2026-06-19 08:31:30",570.1,2,kentamatsumoto1211
2408,16385178,zumatin,"2026-06-26 08:58:54",570.0,2,azumasosuke
2409,16378273,"Yuichi Yoshida","2026-06-27 07:46:10",570.0,2,yu0000001
2410,16440334,"Max Manushin","2026-06-27 22:44:55",569.9,2,innerf1re
2411,16392671,AAlphaAA,"2026-06-20 12:10:54",569.9,2,aalphaaa
2412,16379986,yasuna,"2026-06-25 13:30:05",569.8,2,yasuna
2413,16377520,sh1kuwasa,"2026-06-17 17:09:29",569.6,2,sh1kuwasa
2414,16438002,clawspark,"2026-06-27 07:04:38",569.5,1,clawspark
2415,16399636,"Bozo Boys","2026-06-27 13:39:14",569.3,2,"gunnermartineau,habibmatar2"
2416,16378899,"I wanna be the very best","2026-06-25 12:37:54",569.2,2,"elisenerissa,ferterahadi,ninjainjapan,ongszeyin"
2417,16373504,"沢栗 ぺんた","2026-06-27 17:06:00",569.2,2,pentasawaguri
2418,16388408,ktDAMA,"2026-06-27 23:45:02",569.2,2,masaruozawa
2419,16374887,Nozprod,"2026-06-22 14:41:50",569.0,2,nozprod
2420,16375306,"Brandon Ellis","2026-06-17 05:41:14",569.0,2,theultimateabsol
2421,16388823,Danielvo59,"2026-06-28 00:30:02",568.4,2,danielvo59
2422,16387855,spa-toni,"2026-06-24 13:15:50",568.3,2,hirotoni
2423,16380953,DiadoraTCG,"2026-06-24 01:58:09",568.2,2,diadoratcg
2424,16420864,_vasu_.063,"2026-06-23 12:52:10",568.0,1,vasu063
2425,16385693,"Gonzalo Asencio","2026-06-19 23:13:34",568.0,2,gonzaloasencio
2426,16376486,"Manu Iyer","2026-06-24 04:26:38",567.8,2,manuiyer
2427,16382085,"Saianiruth M","2026-06-26 12:24:25",567.5,2,saianiruthm
2428,16413387,Renaissancejxj,"2026-06-22 14:08:48",567.5,2,renaissancejxj
2429,16373505,Rich,"2026-06-26 06:50:23",567.5,2,richkastl
2430,16395088,Raster0x2a,"2026-06-22 16:31:35",567.3,1,raster0x2a
2431,16377668,Miyama,"2026-06-17 06:38:13",567.1,2,miyama9314
2432,16375036,"Viturv Pathak","2026-06-27 13:19:45",566.8,2,"meckarohan,viturvpathak"
2433,16378628,satory074,"2026-06-25 22:28:56",566.7,2,satory074
2434,16377630,岩田泰久,"2026-06-17 13:46:59",566.7,2,yasuhisaiwata
2435,16433927,Bennett_Y,"2026-06-27 09:44:58",566.5,2,bennetty
2436,16392426,"Jahan Kazimi","2026-06-19 06:39:10",566.5,2,jahankazimi
2437,16382323,Noalith,"2026-06-17 16:55:28",566.3,2,noalith
2438,16407243,SeaEag1e,"2026-06-27 06:54:58",566.1,2,seaeag1e
2439,16422609,ronniepiku,"2026-06-23 19:34:24",565.8,1,ronniepiku
2440,16387317,Fの人,"2026-06-22 03:29:03",565.8,2,"kanamori4,merilynk66,yorusuki58"
2441,16371417,yyou97,"2026-06-25 05:20:29",565.7,2,yyou97
2442,16411853,"ZEC Keita","2026-06-24 03:27:58",565.6,2,zeckeita
2443,16384407,Totomatotomato,"2026-06-24 22:28:56",565.0,2,totomatotomato
2444,16372973,gggggggg0g0,"2026-06-19 02:13:53",564.9,2,gggggggg0g0
2445,16389865,Pradyumna_Official,"2026-06-21 08:14:56",564.9,2,pradyumnaofficial
2446,16399265,yashilinnnnnn0216,"2026-06-27 09:34:15",564.8,6,"shioyas,yamada102336,yashilinnnnnn0216"
2447,16407118,choku777,"2026-06-25 08:14:32",564.6,2,choku777
2448,16394718,AILogDev,"2026-06-21 00:58:58",564.2,2,ailogdev
2449,16372496,"Yuya Shintani","2026-06-17 03:33:34",563.9,2,uplus26e7
2450,16373611,"Koshiro Yasuyama","2026-06-18 22:34:37",563.7,2,koshiroyasuyama
2451,16407237,"Hao Boyuan","2026-06-21 22:58:29",563.7,2,kennethhao8
2452,16414402,"Quentin Gense","2026-06-26 09:21:25",563.4,2,quentingense
2453,16401760,shiratama,"2026-06-28 00:19:50",563.1,2,dotshiratama
2454,16378969,nekukoro,"2026-06-27 16:18:38",562.9,2,nekukoro
2455,16373388,MangaNow,"2026-06-18 13:09:53",562.8,2,manganow
2456,16375106,nd77dn,"2026-06-20 07:17:59",562.5,2,nd77dn
2457,16381515,atsuken,"2026-06-18 04:51:52",562.0,2,atsuken78
2458,16380500,"Haekal D","2026-06-23 10:44:59",561.8,2,"haekald,rintsuda"
2459,16395718,ArnabKarmakar,"2026-06-24 00:13:27",561.6,2,arnabkarmakar
2460,16413224,影山祐介,"2026-06-24 06:02:55",561.6,2,kbykageyama
2461,16430229,ToastUz,"2026-06-27 11:39:29",561.2,1,tatsuzoosawa
2462,16391205,Watta,"2026-06-27 22:20:24",561.0,2,watta7
2463,16423313,balake235,"2026-06-26 15:48:55",560.9,2,balake235
2464,16382989,MatsuyamaKAiho,"2026-06-18 13:05:47",560.9,2,matsuyamakaiho
2465,16383824,のはたく,"2026-06-26 18:45:20",560.8,2,nohataku
2466,16387239,ゆづいぶ,"2026-06-25 22:10:38",560.6,2,yuzuibu
2467,16377705,Aidle,"2026-06-25 03:52:01",560.4,2,shunta0225
2468,16385473,"Nishant Dahal","2026-06-22 01:34:31",560.3,2,nishantdahal
2469,16434348,mealck,"2026-06-28 00:04:41",560.3,2,mealck
2470,16376851,YaYu,"2026-06-25 02:06:52",560.3,2,kou1212
2471,16376413,kinocode,"2026-06-27 03:44:10",560.3,2,kinocode
2472,16376868,yuuuki1111,"2026-06-28 00:39:43",560.0,2,yuuuki1111
2473,16403820,RedBaseline,"2026-06-21 11:25:55",559.8,2,przemekprzybya
2474,16377569,あかくま屋,"2026-06-21 13:26:04",559.7,2,akakumaya
2475,16396923,"Alex DR","2026-06-26 14:15:08",559.7,2,alexderi
2476,16385418,チームサティスファクション,"2026-06-27 08:50:29",559.5,2,kopetan
2477,16434251,Miker,"2026-06-27 01:06:29",559.4,2,miker1
2478,16395486,Myagi,"2026-06-25 12:20:02",559.3,2,myagi0617
2479,16401326,"James Y","2026-06-25 09:04:08",558.6,2,redoctopusk
2480,16443722,kkj333,"2026-06-28 00:55:11",558.6,2,kkj333
2481,16411998,"MIRAI LAB","2026-06-27 12:58:20",558.5,2,mirailab
2482,16393284,kawauso,"2026-06-27 01:34:44",558.5,2,kawausoo
2483,16425441,Gronk,"2026-06-26 10:32:18",558.5,2,jianyicai
2484,16385435,阪田竜生,"2026-06-21 13:41:43",558.5,2,ryusei39
2485,16392320,"MADICHETTY SAI RUCHITHA","2026-06-19 07:34:15",558.5,2,madichettyruchitha
2486,16435886,qqqqqqq1111,"2026-06-26 05:19:40",558.4,2,qqqqqqq1111
2487,16411094,シュテファン,"2026-06-25 22:33:07",558.1,2,stephanmatzke
2488,16437348,田口雄大,"2026-06-26 10:38:30",558.0,1,ydi102143
2489,16377657,PewPew,"2026-06-18 23:20:16",557.9,2,pewpew
2490,16431183,KouchSato,"2026-06-25 15:43:18",557.7,1,kouchsato
2491,16394598,sunnariwakaru,"2026-06-19 22:53:55",557.6,1,sunnariwakaru
2492,16436249,tamref,"2026-06-27 02:22:48",557.6,1,tamreff3290
2493,16379706,Yugoawawa,"2026-06-20 17:53:38",557.5,2,yugoawawa
2494,16392658,"Ajito Nelson","2026-06-27 15:24:43",557.1,2,ajito89
2495,16393651,kyoumonemui,"2026-06-28 01:39:05",557.0,2,kyoumonemui
2496,16377876,rｍrm129,"2026-06-24 05:26:07",556.9,2,rrm129
2497,16376238,KanaWorksAI,"2026-06-18 06:49:21",556.7,2,kanaworksai
2498,16416580,ottojr,"2026-06-25 15:28:22",556.6,2,ottmanbenlarch
2499,16377191,LaiCxm,"2026-06-18 15:14:23",556.5,2,laicxm
2500,16378806,TakayukiSPIC,"2026-06-17 14:43:58",555.9,1,takayukispic
2501,16371665,SENGA,"2026-06-23 05:59:30",555.8,2,sukabato
2502,16371620,"Manato TAKAI","2026-06-25 22:02:32",555.7,2,manatotakai
2503,16376273,"Josh Greiff","2026-06-23 19:44:13",555.3,2,joshgreiff
2504,16435136,RickArko,"2026-06-26 03:16:16",555.3,2,rickarko
2505,16382356,"Sho Hasegawa","2026-06-23 06:49:26",554.7,2,shohasegawa
2506,16411462,m-murao,"2026-06-27 14:17:27",554.3,2,mmurao
2507,16389042,"M Hirano","2026-06-23 12:52:24",554.2,2,noma126843
2508,16376887,ktk,"2026-06-21 16:45:06",554.1,2,ktk309872
2509,16381283,oideyo_shibamata,"2026-06-18 02:02:57",553.9,2,oideyoshibamata
2510,16377069,Malton,"2026-06-22 06:44:09",553.6,1,malton
2511,16373421,ajisto,"2026-06-21 08:27:20",553.5,2,matsukuboyasuki
2512,16408681,"Gestalt Lab","2026-06-21 16:04:48",553.4,2,dlougen
2513,16393068,pokelarp,"2026-06-21 10:49:08",553.1,2,jellyjampeanut
2514,16414410,Vu,"2026-06-27 14:55:22",551.4,2,vunguyenhoangkggl
2515,16378961,Tresure,"2026-06-28 00:27:31",551.2,2,yukitakarada
2516,16396104,"Seymon Zhang","2026-06-20 03:22:38",551.0,2,seymonzhang
2517,16395614,WAKIYA,"2026-06-24 00:58:03",551.0,2,chouchoulabo
2518,16372312,siguremon,"2026-06-21 15:18:47",550.7,2,siguremon
2519,16386562,canesro,"2026-06-21 09:23:08",549.6,2,canesro
2520,16395021,ituhime,"2026-06-28 00:35:36",549.2,2,ituhime
2521,16377683,GoodWill,"2026-06-26 16:21:48",549.2,2,takafumisaito
2522,16371495,gongdo,"2026-06-21 16:41:51",548.9,2,gongdo
2523,16378074,unprosaiclabyrinth,"2026-06-17 06:53:48",548.9,2,unprosaiclabyrinth
2524,16372044,nozmulll,"2026-06-17 16:47:15",548.4,2,nozmulll
2525,16387790,foooota,"2026-06-28 00:59:53",548.3,2,toshizodev
2526,16374660,nenten,"2026-06-25 14:30:24",548.1,2,nenten
2527,16434663,"Iwa Iwa","2026-06-27 16:59:16",548.0,2,iwaiwa
2528,16374946,AbhilashVJ,"2026-06-16 20:10:12",547.7,1,abh001
2529,16412654,"Yifang Zhang","2026-06-27 11:56:20",547.7,2,yiiiiiifang
2530,16376925,czechmix,"2026-06-27 02:03:36",547.4,2,czechmix
2531,16381848,Kerusu1984,"2026-06-19 12:42:21",547.3,2,kerusu1984
2532,16417557,"Luke Stafford","2026-06-23 23:29:28",547.3,2,luketstafford
2533,16380197,dodeuse57,"2026-06-22 10:12:16",547.2,2,dodeuse57
2534,16381128,"Aditya Sasidhar","2026-06-17 12:50:35",547.1,2,tadityasasidhar
2535,16377803,山本卓哉,"2026-06-25 14:36:59",547.1,2,pockypen
2536,16374017,DforDragon,"2026-06-23 19:17:33",547.0,2,dfordragon
2537,16433661,"M Rislan Tristansyah","2026-06-27 10:15:00",547.0,2,mrislantristansyah
2538,16387194,tonimasu,"2026-06-28 00:59:59",546.7,2,tonimasu
2539,16394960,yun8686,"2026-06-23 12:01:24",546.6,2,yun8686
2540,16385080,"Michael Long","2026-06-26 17:51:57",546.6,2,mikelong
2541,16415322,hayato240,"2026-06-22 16:26:20",546.3,1,hayato240
2542,16392026,dxjjjjjj,"2026-06-24 08:43:32",546.1,2,dxjjjjjj
2543,16403656,"Akhil Kumar060","2026-06-25 17:12:04",546.0,2,akhilkumar060
2544,16372910,s2terminal,"2026-06-17 15:44:05",545.9,2,s2terminal
2545,16373786,taichi-1,"2026-06-16 17:01:29",545.7,2,taichiiskw
2546,16376930,Yuulis,"2026-06-20 08:59:26",545.6,2,yuulis
2547,16430358,koumiyata,"2026-06-28 00:04:24",545.5,2,koumiyata
2548,16402948,"hisa ito","2026-06-22 08:20:20",545.3,2,itohisato
2549,16399593,"X- ray","2026-06-27 19:55:10",544.9,2,xray0924
2550,16380704,UJ_shinozaki,"2026-06-20 12:31:21",544.7,2,ujshinozaki
2551,16408060,aaaaaa,"2026-06-21 13:04:09",544.7,1,aaaaaaaaaa146789643
2552,16389961,"Yanlin Wu 916","2026-06-19 14:04:39",544.6,2,yanlinwu916
2553,16437200,"Pengfei Zhou","2026-06-27 13:44:51",544.0,2,mumiao2000
2554,16374846,"Tomoya Otani","2026-06-17 05:30:06",543.8,2,tomoyaohtani
2555,16381016,"soba sobasoba","2026-06-20 15:21:30",543.8,2,sobasobasoba
2556,16414784,EunchaeSong,"2026-06-24 01:02:20",543.6,2,eunchaesong
2557,16382738,joshuachoo,"2026-06-18 16:33:54",543.6,2,joshuaachoo
2558,16389166,"Mikiya Takada","2026-06-27 14:04:15",543.4,2,mikiyatakada
2559,16386550,kokenbo,"2026-06-26 09:08:46",543.0,2,"kokenbo,saneyukimakino"
2560,16372325,ゆゆてっく,"2026-06-21 09:22:08",542.8,2,"kkalcove0511,yuyutech"
2561,16381008,K.A,"2026-06-18 13:52:13",542.7,2,azumax317
2562,16426904,lowbackpain-slime,"2026-06-24 14:51:07",542.6,2,lowbackpainslime
2563,16413866,kaykay,"2026-06-22 11:18:09",542.4,1,homemadedosukoi
2564,16414718,Sophinator,"2026-06-27 18:17:02",541.9,2,sophinator
2565,16382470,"Sijin Yu","2026-06-20 03:24:12",541.7,2,sijinyu
2566,16420764,enim,"2026-06-27 10:44:52",541.3,2,kaenim
2567,16394526,sharakoon,"2026-06-27 07:49:03",540.9,2,sanataria
2568,16375129,"Bambang Satmoko","2026-06-16 21:12:41",540.8,1,investo
2569,16376685,Yuta_poke,"2026-06-17 12:09:45",540.8,2,yuta1process
2570,16395332,"Jakub Pasečný (Fujka293)","2026-06-19 20:16:50",540.7,2,jakubpasenfujka293
2571,16376179,"David lillie","2026-06-18 00:35:42",540.5,2,davidlillie
2572,16385235,datascientists,"2026-06-27 14:36:56",540.4,2,"aoao0314,eidaisakakibara,yuta0108"
2573,16380163,AFC,"2026-06-20 19:01:32",540.1,2,"ashipann,homuragg"
2574,16398999,riku_cascade,"2026-06-20 06:32:14",540.0,2,rikucascade
2575,16378076,mogura2.0,"2026-06-28 01:23:22",540.0,2,mogura20
2576,16386769,DAIZU,"2026-06-27 16:01:44",540.0,2,shigehumiyoshida
2577,16376072,"Jed Mijares","2026-06-28 00:31:32",539.8,2,gerardmijares
2578,16395083,"Emre Bektas","2026-06-20 11:57:41",539.5,2,ebktas
2579,16411168,Botamochi,"2026-06-27 02:22:15",539.5,2,amanokawa
2580,16376809,takumi_ot0000,"2026-06-27 05:32:57",539.2,2,takumiot0000
2581,16379419,"Xan Morice-Atkinson","2026-06-19 02:55:07",539.1,2,xangma
2582,16399700,JmpM,"2026-06-22 05:50:18",538.9,2,jmaru0707
2583,16402543,中村文彌,"2026-06-26 16:24:11",538.2,2,nfphys
2584,16392085,ElephtAI,"2026-06-25 10:13:54",538.2,2,yuchengj
2585,16371514,"Ryosuke Nagamatsu","2026-06-21 12:40:27",538.1,1,festival911
2586,16378973,"Just a Student","2026-06-20 13:16:53",537.9,2,aotoizawa
2587,16382130,Yuk!,"2026-06-19 14:15:41",537.9,1,mitsuyukiokamura
2588,16384703,"Danik Hollatz","2026-06-17 22:00:15",537.5,1,dankopenko
2589,16378231,bkal01,"2026-06-21 00:14:22",537.4,2,bkal01
2590,16404789,"Steve Watson","2026-06-27 21:08:39",537.4,2,stevewatson999
2591,16392908,DeeRang25,"2026-06-24 00:33:26",537.3,2,deerang25
2592,16377208,"Baker Jackson","2026-06-19 02:16:58",537.3,2,bakerjackson
2593,16381537,"Takumu Hata","2026-06-19 18:23:43",537.2,2,takumuhata
2594,16372899,"Lurk Shade","2026-06-27 10:02:18",537.0,2,lurkshade
2595,16377898,"jin ryoma","2026-06-27 22:06:44",537.0,2,jinryoma
2596,16389772,Capitaalgain,"2026-06-27 15:25:57",536.8,2,capitaalgain
2597,16377491,TKYOinK,"2026-06-26 15:36:24",536.7,2,tkyoink
2598,16385557,gakushiai,"2026-06-19 02:18:11",536.4,2,gakushiai
2599,16381511,piska,"2026-06-27 13:35:28",536.2,2,piskasavi
2600,16395816,"ali rehman khan","2026-06-20 13:29:08",535.9,2,alirehmankhan
2601,16385149,"DeviPriya Raju","2026-06-26 05:18:07",535.6,2,priya2117
2602,16431913,sugawarachikara,"2026-06-27 10:44:09",535.6,2,sugawarachikara
2603,16381493,GsGsSsSs,"2026-06-21 09:03:16",535.3,2,gsgsssss
2604,16434608,"Sleepy Nuts","2026-06-25 19:52:42",535.0,2,sleepynuts
2605,16441623,nitronine269,"2026-06-28 00:47:00",534.9,1,nitronine269
2606,16373254,bukichi,"2026-06-27 13:30:21",534.4,2,bukichi
2607,16389569,Yuki_Kaneko,"2026-06-27 04:34:09",534.3,2,yukikanek0
2608,16398021,TakapS,"2026-06-27 23:48:18",534.2,2,"hiromoon166,takaps"
2609,16386554,Ash,"2026-06-27 10:00:37",534.2,2,wataryooou
2610,16385730,"Martin Stoyanov","2026-06-27 19:38:08",534.0,2,"martinstoyanov,victorst3"
2611,16404430,"Chris Tiso","2026-06-20 22:51:10",533.5,1,christiso
2612,16381461,"Jales Ferreira","2026-06-22 02:50:04",533.4,2,jalesferreira
2613,16441087,asahi,"2026-06-28 01:31:02",532.9,1,asahikgl
2614,16381011,blibli.com,"2026-06-26 09:48:13",532.8,2,"mickeylcwld,shoishiwata,utace1"
2615,16385477,Te2hiro,"2026-06-22 13:54:27",532.7,2,te2hiro
2616,16371594,"Yunosuke Saito","2026-06-18 19:51:07",532.6,2,yunosukesaito
2617,16379884,Map1e,"2026-06-26 13:53:20",532.0,2,map1e114514
2618,16376658,"Yuta Tadokoro","2026-06-17 09:04:23",531.9,2,yutatadokoro
2619,16417069,TimmyX,"2026-06-27 23:15:19",531.9,1,timmyx
2620,16377296,monao462,"2026-06-20 13:37:49",530.8,2,monao462
2621,16374517,matsuda2929,"2026-06-16 18:24:32",530.5,1,matsuda2929
2622,16378936,HID_garal,"2026-06-24 14:11:34",530.1,2,hidgaral
2623,16387101,chephes,"2026-06-21 02:59:08",530.0,2,chephes
2624,16430141,urnotsam,"2026-06-26 12:25:35",529.8,2,urnotsam
2625,16380332,"Oikawa Kota","2026-06-18 10:47:55",529.3,2,oikawakota
2626,16375573,m09855,"2026-06-17 11:26:20",529.2,2,m09801
2627,16372365,Nono,"2026-06-25 01:05:01",529.1,2,non012
2628,16379941,"R. Yamada","2026-06-27 04:42:00",529.1,2,reijiyamada
2629,16385630,きれいナビ,"2026-06-25 07:40:06",528.9,2,kireinavi
2630,16381075,hymn_fun,"2026-06-17 16:12:42",528.8,2,hymnfun
2631,16378010,"Diego Pacheco","2026-06-26 02:34:40",528.8,2,diegopacheco42
2632,16372089,"Christian McBride","2026-06-18 12:29:28",528.8,2,christianmcb
2633,16388681,"MATSUMOTO Ryutaro","2026-06-19 17:20:46",528.2,2,matsumotoryutaro
2634,16377478,imamutya,"2026-06-21 23:52:32",528.2,2,imamutya
2635,16387665,"Seikan Suzuki","2026-06-22 08:38:46",527.7,2,seikansuzuki
2636,16383920,Anamitra_04,"2026-06-19 18:23:44",527.7,2,anamitra04
2637,16385393,"Hyun-woo Kim","2026-06-18 01:46:30",527.5,1,hwkims
2638,16380359,"Mysterious Rock Inn","2026-06-17 18:07:00",527.1,2,"jesusarizapo,p0t1t0"
2639,16378989,"Junichi Hatano","2026-06-25 13:30:45",527.0,2,junichihatano
2640,16438909,TaSuy,"2026-06-27 14:13:26",526.9,2,taikiyoneyama
2641,16424325,"Yang Gao","2026-06-25 04:59:39",526.8,1,yangg40
2642,16413989,hrkunno,"2026-06-26 01:08:30",526.7,2,hrkunno
2643,16395567,ZAMA,"2026-06-24 17:53:58",526.7,2,faizaan76
2644,16374329,"Satoru Sugizaki","2026-06-24 16:52:18",526.6,2,satorusugizaki
2645,16378927,ushironoko,"2026-06-26 09:51:41",526.6,2,ushironoko
2646,16429440,"Avec Dorayaki","2026-06-27 05:55:13",526.6,2,avecdorayaki
2647,16384856,"illness fubuki","2026-06-27 00:13:01",526.2,2,morimorifubuki
2648,16375563,"Nikita Babych","2026-06-23 23:43:03",526.1,2,nikitababich
2649,16394588,yuhas0726,"2026-06-27 15:12:36",525.7,2,yuhas0726
2650,16391196,rkd,"2026-06-22 09:58:06",525.5,2,ryookd
2651,16421124,3fk,"2026-06-27 13:21:34",525.2,2,"botchi,pwm3517,tatsuyatsuno"
2652,16413175,SHINTARO,"2026-06-23 05:40:47",525.1,2,shintar000
2653,16385884,"Twin Energy","2026-06-26 06:24:44",525.0,2,jcxliv
2654,16382184,"Ren Yamazaki","2026-06-18 10:27:18",524.9,2,renyamazaki
2655,16375619,askamijo,"2026-06-27 07:14:32",524.8,2,askamijo
2656,16378218,niino,"2026-06-22 09:29:58",524.7,2,niiino
2657,16380924,"kwn mmm","2026-06-17 19:25:19",524.6,2,"kwnmmm,yakioni1129"
2658,16404077,"Michael Pershin","2026-06-25 21:06:40",524.6,2,michaelpershin
2659,16379587,"Mohammad Hatoum","2026-06-17 11:59:44",524.4,2,mohammadhatoum
2660,16405566,Tatsuya50,"2026-06-23 15:42:21",524.3,2,tatsuya214355
2661,16411944,sasanatu72,"2026-06-26 19:35:23",524.1,2,sasanatu72
2662,16371702,rong,"2026-06-19 09:51:56",524.0,1,rong284
2663,16375095,Lleyaghm,"2026-06-19 04:57:20",523.9,2,liamhuntswe
2664,16395970,mshibatatt,"2026-06-25 15:54:10",523.5,1,masahiroshibata
2665,16381052,ZM0526,"2026-06-25 08:18:18",523.4,2,zm0526
2666,16384208,"Sushi Party","2026-06-20 14:59:50",523.4,2,mandy44
2667,16375428,"Active Grass Touchers","2026-06-27 04:51:44",523.4,2,"classycheese,clhleung,dennisliu2,huggietron,kjdevaccount"
2668,16382818,Benjp8,"2026-06-19 16:02:34",523.3,2,benjp8
2669,16396679,takahi526,"2026-06-26 22:35:41",523.1,2,takahi526
2670,16394789,"Roman Vinogradov","2026-06-20 11:56:35",523.1,2,romanvinogradov
2671,16386705,ミラクレ,"2026-06-28 00:37:40",523.1,2,mirakure
2672,16412043,PxlPau,"2026-06-24 09:53:42",522.8,2,studybeetutoring
2673,16376918,"Yuuma Funasaka","2026-06-27 15:41:55",522.6,2,yuumafunasaka
2674,16374294,anthonychiang000,"2026-06-19 04:37:15",522.6,2,anthonychiang000
2675,16412526,Kaikaku,"2026-06-24 09:18:15",522.5,2,kaikaku
2676,16385225,ikeyu,"2026-06-25 07:40:54",522.2,2,yuheikoike
2677,16400299,YOYOYO2026,"2026-06-23 15:46:06",522.1,2,yoyoyo2026
2678,16383828,"Electro Knight","2026-06-19 18:29:43",521.8,2,"electroknight,mister2005,yashpradhan0712"
2679,16410029,Jihyekor02,"2026-06-28 00:53:39",521.6,1,jihyekor02
2680,16423969,"Marius K","2026-06-24 20:30:01",521.1,2,abujaman
2681,16382171,kishingo,"2026-06-25 15:08:55",520.9,2,kissing
2682,16384138,"Raghav Pant","2026-06-19 00:13:38",520.8,2,raghavpant131
2683,16377317,"Kosuke Izumi","2026-06-19 11:37:40",520.4,2,kizumi0712
2684,16407085,"So Momma","2026-06-25 03:59:24",520.1,2,somomma
2685,16371544,syamoji141,"2026-06-26 23:22:25",519.5,2,syamoji141chan
2686,16402710,sota_k_1021,"2026-06-21 07:00:58",519.3,2,sotak1021
2687,16372394,rmizuta,"2026-06-20 01:41:45",518.8,2,rmizuta
2688,16435186,"Blaine Hill","2026-06-26 16:30:34",518.6,1,bthill111
2689,16419574,odakazu,"2026-06-24 17:28:47",518.4,2,odakazu
2690,16381108,"Aoi Umigishi","2026-06-27 17:40:07",518.3,2,aoiumigishi
2691,16375229,ことこと,"2026-06-27 18:39:16",518.3,2,koto821
2692,16377587,ゼミ費ください。,"2026-06-22 08:31:33",518.3,1,"daisukehori,k4ntaf,nekocat256,tomisasha"
2693,16377338,"JiMing Feng","2026-06-27 04:22:57",518.2,1,jimingfeng
2694,16398940,hikahika,"2026-06-28 00:49:25",518.0,2,naganohikaru
2695,16373569,DhawalModi,"2026-06-17 16:58:41",517.9,1,daveconnor
2696,16373347,"Tatsuya Ariga","2026-06-25 00:10:11",517.9,2,tatsuyaariga
2697,16422001,MaggyoWIMPS,"2026-06-27 19:24:21",517.4,2,maggyowimps
2698,16384264,"suzy su","2026-06-25 22:25:04",517.3,2,suzysu997
2699,16384985,"TAKESHI KANEKO","2026-06-26 07:58:40",516.8,2,canecco
2700,16379498,ちょろ,"2026-06-21 15:15:10",516.2,2,shogoharamaki
2701,16399437,"Masatoshi Taniguchi","2026-06-27 03:17:56",516.1,2,masatoshitaniguchi
2702,16385296,"Javier Arturo Gutierrez Sanchez ","2026-06-27 16:54:14",516.1,2,javierarturogs
2703,16385284,MaoOKRK,"2026-06-27 06:48:51",515.8,2,maookrk
2704,16395891,"yugen louis","2026-06-26 20:11:16",515.3,2,yugenlouis
2705,16441492,"Hiroyasu Okuno","2026-06-27 09:15:57",515.3,2,hiroyasuokuno
2706,16373957,hukuda222,"2026-06-22 06:36:35",515.2,2,hukuda222
2707,16406493,"Yuichi SUZUKI","2026-06-27 01:57:59",515.0,2,ysaoiwan
2708,16411175,たいたん,"2026-06-27 16:04:47",515.0,2,titandayo
2709,16385138,mashirome,"2026-06-20 04:28:52",514.9,2,mashirome
2710,16376159,kotsuton,"2026-06-27 05:00:30",514.8,2,kotsuton
2711,16372567,nmdcddwzml,"2026-06-17 01:52:05",514.6,2,mujian63
2712,16389093,"Jared Forsberg","2026-06-18 14:32:29",514.1,2,jaredforsberg
2713,16416672,SkiChu,"2026-06-27 12:50:20",514.1,2,richardmccrae
2714,16429603,CCoffie,"2026-06-27 05:55:52",514.0,2,ccoffie
2715,16373136,藤田聖矢,"2026-06-27 15:49:23",514.0,2,emiliasabao
2716,16406501,RLAP,"2026-06-27 09:19:47",513.8,2,"anyooon,kenkentyisland"
2717,16416086,ksew364,"2026-06-22 18:19:55",513.7,1,ksew364
2718,16377073,"Shinichiro Yoshida","2026-06-20 17:59:17",513.7,1,sysd00
2719,16431456,nalu0926,"2026-06-26 08:35:11",513.5,1,nalu0926
2720,16376243,EfReI,"2026-06-22 14:15:21",513.2,2,"hikaruaohara,itoasahi,michiakimese"
2721,16377667,MelioniDas,"2026-06-19 03:33:55",513.1,2,melionidas
2722,16371893,fredpk,"2026-06-25 17:18:15",513.1,2,fredpk
2723,16424485,"Ezra #2","2026-06-26 23:34:44",513.0,2,ezberch
2724,16380338,MORU,"2026-06-21 05:33:40",512.6,2,morihibiki
2725,16377062,Gogona557,"2026-06-19 04:28:40",512.5,2,gogona557
2726,16399359,kotakota1234,"2026-06-20 08:57:18",512.5,1,kotakota1234
2727,16376181,Ko,"2026-06-28 01:28:47",511.8,2,komurase
2728,16387426,Sonika20000002,"2026-06-19 18:11:49",511.7,2,sonika20000002
2729,16373503,Pensuke,"2026-06-25 20:21:19",511.5,2,"pensukecube,rintarokoide"
2730,16372285,Fumisky,"2026-06-17 14:49:40",511.5,1,fumisky
2731,16375654,REi0077,"2026-06-27 01:57:26",511.4,2,rei0077
2732,16436444,"Eric Wu","2026-06-27 07:38:58",511.3,1,ericwutcg
2733,16428218,ペンギン,"2026-06-24 17:10:58",510.9,1,harutotakita
2734,16372622,YusBri,"2026-06-20 03:55:50",510.8,2,"ukiko0801,yusukebrian"
2735,16377040,"Carter Davis","2026-06-18 04:19:36",510.2,1,cartmandavis
2736,16376599,takumi12345,"2026-06-26 11:25:21",510.1,2,takumi12345
2737,16386905,kfuku,"2026-06-18 17:59:18",509.9,1,kfukumr
2738,16393041,DeepMew,"2026-06-27 06:38:29",509.4,2,yuushasama
2739,16383344,"Scoops Martin","2026-06-26 20:31:04",509.3,2,scoopsmartin
2740,16378082,King-Hal,"2026-06-21 13:30:28",509.0,2,kinghalto
2741,16395187,FMBRO,"2026-06-27 16:10:12",509.0,2,tanakayoshihito
2742,16375717,"Yosuke KOBAYASHI","2026-06-18 00:26:04",508.9,2,pichotaro
2743,16385362,"Chrono IT Channel","2026-06-27 15:18:03",508.5,2,chronoit
2744,16382961,八反田拓磨,"2026-06-20 15:15:53",508.2,2,chanhatada
2745,16405385,"TAKUMARU KOBO","2026-06-22 11:39:18",508.1,2,takumababa
2746,16374614,"Jose Coronel","2026-06-26 21:19:02",507.6,2,"carlosrodrguezparada,josecoronel"
2747,16379500,"Thomas Young","2026-06-22 05:49:12",507.6,2,daashi
2748,16391859,"Ying Peter","2026-06-24 02:42:29",507.4,2,"ciro007ciro007,yingpeter"
2749,16380544,pickles0923,"2026-06-24 17:11:08",507.3,2,pickles0923
2750,16383415,torahirod,"2026-06-27 06:56:16",507.3,2,toratoratora
2751,16384092,Zenith08,"2026-06-19 05:38:16",507.3,2,zenith08
2752,16382797,"Gosuke Watanabe","2026-06-26 13:48:05",507.3,2,gosukewatanabe
2753,16386158,ek,"2026-06-18 09:09:20",507.2,1,enomotoko
2754,16437103,Taishoh,"2026-06-26 18:54:53",507.2,2,taishoh
2755,16378217,andayougui,"2026-06-26 23:52:08",506.6,2,"andayougui,rayokui,rohiomayameka,uedakani"
2756,16377805,machiko_osada,"2026-06-17 12:24:23",506.3,2,machikoosada
2757,16371807,chimaki,"2026-06-26 02:58:48",506.0,2,chimaki821
2758,16373508,"Yuto Kobayashi","2026-06-27 16:49:58",505.7,2,kbology
2759,16412698,たけまる,"2026-06-26 01:54:03",505.5,2,otake1006
2760,16373459,yuarth,"2026-06-27 04:47:06",504.9,2,yuarth
2761,16378716,Nqcqlx,"2026-06-17 09:03:54",504.7,2,nqcqlx
2762,16387809,"Jack Gell","2026-06-27 06:36:06",504.3,2,jackgell
2763,16380074,hiru0118,"2026-06-21 03:46:05",504.2,2,hiru0118
2764,16372782,"Jihua Ye","2026-06-27 06:07:10",504.0,2,"jihuaye,lucasliu06"
2765,16401854,FcoUniverse,"2026-06-27 15:38:10",503.4,2,fcouniverse
2766,16398070,"keisuke ito","2026-06-21 03:35:06",503.2,2,itoksk
2767,16390584,lostejas,"2026-06-25 02:10:39",503.1,2,lostejas
2768,16373986,"Maxim Simakov","2026-06-18 12:42:51",503.1,2,maxsim73
2769,16380307,Awajima,"2026-06-20 03:26:02",502.9,2,awajima
2770,16376770,CatPurrgramming,"2026-06-19 06:23:48",502.8,2,catpurrgramming
2771,16373303,"anthony mbadiwe ikeme","2026-06-24 10:16:50",502.8,2,anthonymbadiweikeme
2772,16383921,harsh,"2026-06-21 16:50:06",502.6,2,hrdv10
2773,16395229,"Debangan Mali","2026-06-25 10:48:17",502.5,2,debanganm
2774,16418623,"Yudai Ueno","2026-06-28 01:01:43",502.2,2,yudaiueno
2775,16398484,"YOGA RAJ 1503","2026-06-27 08:54:33",502.2,2,"edwingohkul,maghicr,yogaraj1503"
2776,16380232,"rin araya","2026-06-17 12:02:23",501.8,2,rinaraya
2777,16392313,tuannm3812,"2026-06-27 07:17:00",501.6,1,tuannm3812
2778,16398966,UTSA-NLP,"2026-06-20 05:19:21",501.1,1,zephyrs
2779,16375764,ShuHaya,"2026-06-28 01:38:33",500.8,2,yfqqq088
2780,16378070,Aakansha.aakaa,"2026-06-21 10:09:10",500.7,2,aakanshaaakaa
2781,16393904,InkCartridge,"2026-06-26 05:25:16",500.2,2,inkcartridge
2782,16379897,Nouzen,"2026-06-28 01:38:21",499.4,2,shunya1135
2783,16421289,flatton,"2026-06-27 15:39:14",499.4,2,tomokifujihara
2784,16383121,あむ,"2026-06-27 06:46:01",499.0,2,nike017
2785,16410956,"Adi Kumar","2026-06-27 23:24:23",499.0,2,adikumar312
2786,16379555,hikaru_ishihara46,"2026-06-25 05:15:43",498.7,2,hikaruishihara46
2787,16431283,"Sergei Fironov","2026-06-26 16:07:17",498.7,2,sergeifironov
2788,16376587,jwils4,"2026-06-21 01:23:19",498.1,2,jwils4
2789,16399967,"Kiyotaka Kobayashi","2026-06-28 00:32:25",497.8,2,kiyotakakobayashi
2790,16374132,太田颯紀,"2026-06-27 08:13:40",497.6,2,satsuki0kaggle
2791,16410656,"Dustin L","2026-06-24 20:11:14",497.4,2,lidstone
2792,16381448,"[Deleted] 91a15118-4b67-4743-9d3d-30db5dad7efe","2026-06-19 14:37:32",497.2,2,del=1d5f1316dfcdeedb
2793,16381355,ibushimaru,"2026-06-22 08:17:50",497.0,2,ibushimaru
2794,16375555,脱0コイン,"2026-06-27 06:58:32",496.9,2,iwatanaoki
2795,16408856,"Rebis Global","2026-06-27 15:49:01",496.3,2,chrisgendryx
2796,16392632,kohbanye,"2026-06-27 16:18:10",496.2,2,kohbanye
2797,16435632,shushu,"2026-06-27 07:45:14",495.2,1,shushu8
2798,16412865,almer,"2026-06-22 09:24:48",494.4,2,almernzh
2799,16382027,UrbanFox,"2026-06-21 19:57:39",494.4,2,urbanfox000
2800,16385096,okicom富田,"2026-06-22 07:15:47",494.3,2,okicom
2801,16404489,"Cayce Crushers","2026-06-22 05:05:21",494.1,2,"desmondcayce,edgarecayce"
2802,16414951,hdt666,"2026-06-25 01:47:20",494.0,2,hdt666
2803,16377893,Kerminal,"2026-06-26 08:17:17",493.8,2,kosukeshimizu
2804,16381061,firstbreak32,"2026-06-20 11:38:32",493.6,2,firstbreak32
2805,16380922,Pokemick,"2026-06-21 16:06:07",493.6,2,vdermick
2806,16406513,Light&Thunder,"2026-06-27 19:34:17",493.1,2,yerne39
2807,16389771,"Yuki Higashi","2026-06-22 15:09:26",492.8,1,yukihigashi
2808,16387021,"Team A-B-A","2026-06-28 00:03:21",492.4,2,tatsuyasasaki
2809,16397501,"The Malaysia Peas","2026-06-27 18:38:00",492.2,2,"aenjicinquleur,alvintangwj,nemesiscy,tommytie"
2810,16375632,huurou,"2026-06-18 10:01:07",492.1,2,windwolf0721
2811,16392904,nori_wave,"2026-06-22 03:20:59",492.0,2,noriwave
2812,16378460,nnnnio_pppira,"2026-06-22 13:04:10",492.0,2,itokashi
2813,16425903,"Rintaro Moriwaki","2026-06-28 01:37:32",491.9,2,rintaromoriwaki
2814,16381245,"Bolt Up","2026-06-19 05:14:06",491.7,2,boltup
2815,16382073,R.I,"2026-06-25 20:32:22",491.6,2,rinichikawa
2816,16377755,TAKUMI7775,"2026-06-18 06:23:49",491.4,2,takumi7775
2817,16408160,tsuzuk1,"2026-06-26 17:06:58",491.0,2,tsuzuk1
2818,16373838,"Dan Ah Tou","2026-06-19 04:02:33",490.8,2,dlahtou
2819,16398461,kaito2140,"2026-06-20 16:46:31",490.8,2,kaito2140
2820,16382639," Mansi anil kadam","2026-06-26 04:25:44",490.8,2,mansianilkadam
2821,16399632,"Hikaru Ebihara","2026-06-22 12:55:30",490.6,2,hikaruebihara
2822,16399727,IShun,"2026-06-23 03:02:20",490.6,2,shunyaihira
2823,16379212,uenohara-s,"2026-06-25 01:14:01",490.5,2,uenoharas
2824,16426232,Kobasun,"2026-06-27 20:19:02",490.3,2,kobasun
2825,16385877,SebaMG,"2026-06-23 19:36:38",489.3,2,sebastianmenesesg
2826,16385366,tahiro,"2026-06-22 16:40:50",488.8,2,tahiro
2827,16376337,"Sukjae Cho","2026-06-27 16:56:40",488.7,2,jandjenter
2828,16437424,Glucosamine,"2026-06-27 06:27:10",488.3,2,glucosamine
2829,16392604,naisow,"2026-06-23 07:07:44",487.8,2,naisow
2830,16372634,oji12_king,"2026-06-22 09:57:04",487.5,2,oji12king
2831,16388660,"SHOUHEI IKEDA","2026-06-23 11:24:24",487.4,2,shouheiikeda
2832,16377654,"Ding Ma","2026-06-27 10:48:52",487.2,2,dingma61
2833,16404314,bonsai,"2026-06-27 12:15:19",487.1,2,aerospacio
2834,16443042,Ken_Ken_Pa,"2026-06-28 01:38:16",487.1,2,kenkenpa
2835,16373352,kenn,"2026-06-27 09:55:00",486.9,2,ikasumi
2836,16409235,jiku0730,"2026-06-25 17:20:40",486.5,2,jiku0730
2837,16391544,"Ortiz-AI Partners","2026-06-21 04:46:54",485.9,2,ortizaipartners
2838,16374458,"ZZZ gang ML clan team muxomor","2026-06-25 20:21:49",485.7,2,"egoregors,vladmazeev"
2839,16389784,"River (River_jp)","2026-06-19 05:57:29",485.3,2,riverriverjp
2840,16427698,George,"2026-06-27 17:19:38",485.2,2,ngeorgea
2841,16383333,HirokiGLHF,"2026-06-26 00:06:15",485.0,2,hirokiglhf
2842,16391327,"Lazaros Avramidis","2026-06-19 11:50:16",484.6,1,lazarosavramidis
2843,16389507,Shima_2054,"2026-06-20 08:59:42",484.3,2,shima2054
2844,16393774,"Chen Ken","2026-06-25 12:15:21",483.9,2,nutastray
2845,16433944,"Aaron Cuellar","2026-06-27 14:08:56",483.7,2,aaroncuellar
2846,16372348,"masahiro katayama","2026-06-25 08:04:27",483.7,2,masahiro2007
2847,16381070,"team asayan","2026-06-22 11:41:08",483.5,2,aseanonpu
2848,16426056,Ousagi,"2026-06-27 12:21:51",483.4,2,enzowalter
2849,16385004,dodecagon,"2026-06-19 21:41:50",483.3,2,dodecagon
2850,16376115,WenRuitan21,"2026-06-17 03:34:31",483.1,1,wenruitan21
2851,16372779,Dancing_RYAN,"2026-06-19 07:50:31",482.4,1,res1235
2852,16420777,"masuo machidori","2026-06-27 06:54:28",482.4,2,masuomachidori
2853,16392895,Shiny-Rayquaza,"2026-06-25 09:49:17",482.3,2,kragrrr
2854,16371971,teruyukikato,"2026-06-18 15:32:35",482.2,2,teruyukikato
2855,16400172,eikichi,"2026-06-28 00:04:32",482.2,2,ekichi
2856,16375754,イチノセ,"2026-06-18 01:21:13",481.8,2,ichinose3
2857,16393808,"Y. Onodera","2026-06-19 11:43:38",481.2,2,alwaysbaseline
2858,16392750,altvision,"2026-06-19 15:15:19",481.0,2,altvision
2859,16377836,shimadadada,"2026-06-18 12:39:08",480.7,2,shimadadada
2860,16382644,ラーメンたべたい　,"2026-06-23 14:13:50",480.7,2,ramentabetai
2861,16379966,akay,"2026-06-17 21:40:33",480.5,2,keonevans
2862,16388987,ryamamon,"2026-06-21 10:52:38",480.1,1,ryamamotoo
2863,16442141,KouFu,"2026-06-27 09:31:14",480.0,1,kouheif
2864,16376386,"TAKAMASA SHIMA","2026-06-23 08:13:51",479.6,2,takamasashima
2865,16394785,KinpatsuPoke,"2026-06-23 17:10:47",479.3,2,"ftoyomatsu,kinpatsupoke"
2866,16377232,"Tsuyoshi Fujii","2026-06-24 06:14:27",479.0,2,tsuyoshifujii
2867,16385799,"poket monster","2026-06-27 11:12:01",478.9,2,ryotasatio
2868,16383319,"StormGrid Lab","2026-06-27 17:53:25",478.6,2,stormgridlab
2869,16384875,"Subhy Affara","2026-06-28 01:19:47",478.3,2,subhyaffara
2870,16439519,Jackuang,"2026-06-27 18:49:56",477.7,2,jackuang
2871,16392075,TaNiHf,"2026-06-28 00:47:16",477.4,2,tanihf
2872,16376555,Kabuto0421,"2026-06-18 07:12:41",476.9,2,kabuto0421
2873,16372846,すーぱーひとで,"2026-06-27 18:00:23",476.7,2,dohidohitode
2874,16413061,"Masashi Oohira","2026-06-22 11:20:29",476.4,2,masashioohira
2875,16378737,"yusuke emoto","2026-06-24 10:22:53",476.0,2,yusukeemoto
2876,16374172,"Umair Zia","2026-06-26 11:03:50",475.9,2,stealthtechnologies
2877,16395619,delightening,"2026-06-24 06:01:30",475.9,2,delightening
2878,16372984,marusho,"2026-06-24 12:17:30",475.8,2,shomaruoka
2879,16379339,"WintoMT mo","2026-06-20 04:31:20",475.5,2,wintomtmo
2880,16375067,GrossmanLabs,"2026-06-23 13:09:23",475.3,2,kingisaac
2881,16404922,gonchaaan,"2026-06-21 01:18:30",475.0,1,gonchaaan
2882,16386032,sy0718,"2026-06-26 10:11:49",474.7,2,sy0718
2883,16379569,Maikidantyou(Kusopocket),"2026-06-23 09:02:34",474.6,2,maikidantyou
2884,16373692,"Kota Munaoka","2026-06-19 06:20:27",474.5,2,kotamunaoka
2885,16382934,dyuan311,"2026-06-27 16:49:36",474.1,1,dyuan311
2886,16380554,Kazuki.kkkoizumi,"2026-06-21 10:25:53",473.9,2,kazukikkkoizumi
2887,16381833,にゅーおじ,"2026-06-20 00:34:17",473.9,2,newgameozisan
2888,16376478,matcha110,"2026-06-18 15:00:06",473.4,1,matcha110
2889,16403797,RamaswamyBala,"2026-06-25 15:22:05",473.4,2,ramaswamybala
2890,16385608,yukichacha0227,"2026-06-24 15:23:00",473.4,2,yukichacha0227
2891,16390182,Waha,"2026-06-20 16:37:45",473.2,2,tanawatrun
2892,16381342,nenmaku,"2026-06-22 08:48:35",473.2,2,nenmaku
2893,16389369,岡村卓磨,"2026-06-28 01:36:15",473.1,2,okamue
2894,16382423,Vinit,"2026-06-26 20:38:44",472.9,2,ryotsuu
2895,16376695,kawaiy,"2026-06-25 00:27:28",472.5,2,kawaiy
2896,16389991,yu10,"2026-06-27 08:13:51",472.2,2,"masatakashiwagi,yu10naka"
2897,16427150,を,"2026-06-27 16:04:58",472.1,2,wotakumak
2898,16402467,shota.y,"2026-06-24 14:22:10",471.6,2,thimons13
2899,16395202,mayukistarry,"2026-06-20 06:25:08",471.5,2,mayukistarry
2900,16376114,Shuren_Akane,"2026-06-23 01:07:00",471.5,2,shurenakane
2901,16417856,"César Adrián Delgado Díaz","2026-06-27 18:24:20",471.1,2,cesardelgado
2902,16373099,まっさん,"2026-06-17 07:46:33",471.1,1,ms3bf3
2903,16372510,SHUN_04,"2026-06-17 21:49:08",470.8,2,yshunt
2904,16391687,Momotaro1226,"2026-06-26 13:18:01",470.7,2,momotaro1226
2905,16381375,KHira,"2026-06-24 22:14:27",470.6,2,kanahirao
2906,16381935,"Sheldon Zhao","2026-06-23 13:07:26",470.5,2,sheldonzhao92
2907,16389563,"Hamadryas Baboon","2026-06-27 18:59:22",470.3,2,"ank0115,koboring,rira1020,sen469,yuta091005"
2908,16375203,"Daylon Crider","2026-06-19 01:44:06",470.3,2,dayloncrider
2909,16385667,おべんとう,"2026-06-21 06:26:40",470.1,2,"chocolatekuma,chouette11"
2910,16394403,TDENIS,"2026-06-27 18:44:09",469.7,2,thibaultdenis
2911,16412222,3.14159265,"2026-06-27 15:42:55",469.1,2,yumasaitou
2912,16397257,"Hare Miyashiro","2026-06-26 10:54:38",468.9,1,haremiyashiro
2913,16379286,"Zheng Tang","2026-06-22 05:54:19",468.8,1,zhengtang1120
2914,16404565,nathanmcateer,"2026-06-27 22:57:00",468.7,2,nathanmcateer
2915,16391290,"Karthik Ragulan","2026-06-20 03:23:52",467.9,2,karthikragulan
2916,16384763,"Pied Pie, LLC","2026-06-22 23:59:43",467.3,2,piedpie
2917,16372211,nigenight,"2026-06-27 15:40:34",467.2,2,nigenight
2918,16372990,"small pond","2026-06-24 06:33:31",467.1,2,smallpond
2919,16388335,Ludicolocolo,"2026-06-18 14:28:20",467.0,2,nobuhikoyamaguchi
2920,16410994,whitness00,"2026-06-27 14:59:28",466.7,2,whitness00
2921,16434337,"Fernando Ruiloba","2026-06-25 19:35:48",466.0,2,fernandoruiloba
2922,16372228,MinkMinkMink,"2026-06-19 11:43:46",465.8,2,minkminkmink
2923,16408104,kanamen,"2026-06-23 03:22:47",465.7,1,hisashi0523
2924,16393418,"Takahide Seki","2026-06-28 01:01:32",465.4,1,takahideseki
2925,16379220,"AJINKYA CHINTAWAR","2026-06-17 14:43:42",465.1,2,ajinkyachintawar
2926,16377460,mapatn,"2026-06-23 08:16:33",465.0,2,mapatn
2927,16376501,Virtute,"2026-06-27 14:43:57",464.9,2,nameless001
2928,16382266,nagisora,"2026-06-18 03:34:31",464.2,2,nagisora
2929,16375488,"sidney gautrau","2026-06-22 21:28:20",463.9,2,sidneygautrau
2930,16434671,"Mikołaj  Kłoczewski","2026-06-27 23:38:05",463.7,2,mikolajkloczewski
2931,16414408,"tanaka yamada","2026-06-27 11:48:49",463.6,2,tanakayamada
2932,16374570,kenimuku,"2026-06-17 12:30:23",463.5,2,ponjuice
2933,16418527,野原拓也,"2026-06-23 07:09:34",462.8,1,tackle3494
2934,16440390,"Lazy Bandit","2026-06-27 20:27:55",462.6,2,lazybandit
2935,16434164,Cotini,"2026-06-27 05:09:25",462.4,2,marconyxd
2936,16372597,Salt708,"2026-06-16 14:43:20",462.3,2,shionao7
2937,16375323,drektmr,"2026-06-17 08:06:42",462.1,2,drektmr
2938,16381907,chibakee,"2026-06-27 11:50:05",461.8,2,chibakee
2939,16378607,kunihiro,"2026-06-26 15:01:24",461.8,2,kunihiro
2940,16381219,nyahomaru.,"2026-06-24 16:34:27",461.5,2,nyahomaru
2941,16415067,"irelia 0/11/2","2026-06-23 12:47:21",461.4,1,tok1t4
2942,16378851,すも（もす）,"2026-06-23 11:22:43",461.1,2,mosumosu12
2943,16386081,"Shoh Son","2026-06-22 04:17:07",460.0,2,shohson
2944,16402504,Fusahiko@555,"2026-06-27 07:42:15",459.7,2,fusahuko555fusahiko
2945,16372609,"LORD DREGS","2026-06-20 11:48:40",459.6,2,lorddregs
2946,16419667,Down_Town_robato,"2026-06-27 07:49:25",459.3,2,downtownrobato
2947,16404564,"Juan Zapata","2026-06-20 22:46:53",459.1,2,donjuanz
2948,16374535,"Hibiki Nagadome","2026-06-19 12:48:29",458.8,1,hibikinagadome
2949,16421859,Amalgam,"2026-06-24 17:51:02",458.6,2,zqgk52ar
2950,16389625,kurushun,"2026-06-22 04:47:19",458.5,2,kurushun
2951,16437746,nofreewill42,"2026-06-26 15:00:25",458.4,2,nofreewill
2952,16390913,"Subhan Hussain","2026-06-27 18:45:12",458.4,2,subhanhussain0205
2953,16411822,"Aditya Palit","2026-06-26 07:12:49",458.0,2,epicvstuff
2954,16376867,kotton,"2026-06-19 01:20:01",457.6,2,ktkt40208
2955,16382362,Ykst51,"2026-06-27 19:25:58",457.5,2,ykst51
2956,16418640,anagosan110,"2026-06-26 23:48:51",456.9,2,anagosan110
2957,16375716,ryoooooo,"2026-06-22 14:33:10",456.9,2,ryoooooo
2958,16401654,Atamol,"2026-06-27 17:13:07",456.6,1,atamol
2959,16373335,Miyatanian,"2026-06-23 17:02:58",456.6,2,miyatanian
2960,16410840,DavideVNT,"2026-06-25 10:39:31",456.3,2,davidevnt
2961,16372763,"nicolas maine","2026-06-16 18:13:19",456.2,2,nicolasmaine
2962,16388483,Pikabrew,"2026-06-27 23:36:57",455.3,2,"capjoris,platothesloth"
2963,16387977,Gakupide,"2026-06-20 07:57:37",455.0,1,gakupide
2964,16383788,"hector cardenas","2026-06-26 03:53:43",454.8,2,hectorcardenas
2965,16379930,"Louis KLASING","2026-06-26 09:21:04",454.8,2,louisklasing
2966,16411759,"Feonix Y","2026-06-23 08:27:40",454.6,2,feonixy
2967,16391911,"Kuga Miyabi","2026-06-21 05:08:47",454.6,2,kugamiyabi
2968,16421438,HEROPAP,"2026-06-27 11:04:09",454.6,2,heropap
2969,16383385,"naoteru nakamura","2026-06-21 10:39:56",454.5,2,naoteru
2970,16389642,MSGG411,"2026-06-21 14:12:22",453.3,2,msgg411
2971,16386594,YutoWatanabe,"2026-06-18 14:05:28",452.8,2,opyuto
2972,16371519,"Дворкин Евгений Владимирович","2026-06-18 14:12:17",452.8,2,evgendvorkin
2973,16422377,Spintronic,"2026-06-26 22:57:22",452.6,1,spintronic
2974,16389505,Perunari,"2026-06-21 17:28:19",451.9,2,perunari
2975,16417401,"Alejandro Espinoza","2026-06-26 02:37:42",451.5,2,aleespinoza
2976,16380463,"Genocide Hashimoto","2026-06-24 01:32:38",451.1,2,cerberushashimoto
2977,16378301,fuku_support,"2026-06-22 05:52:19",451.0,2,fukusupport
2978,16398201,ramaswamyrama,"2026-06-27 18:22:43",450.3,2,ramaswamyrama
2979,16416514,"Aditya Mishra","2026-06-26 11:18:32",450.1,2,adityamishranika
2980,16418658,jiwon95,"2026-06-23 06:37:48",450.0,2,jiwon95
2981,16402331,phalanchang,"2026-06-20 14:29:31",450.0,1,phalanchang
2982,16391131,"Master Yoio","2026-06-20 13:56:43",449.8,2,masteryoio
2983,16406057,"Amane Suzuki","2026-06-25 16:41:45",449.4,2,amaotone
2984,16371627,laddaL,"2026-06-26 13:16:25",448.6,2,tkitagaw
2985,16380767,KuchiKiya,"2026-06-26 14:17:20",448.1,2,kuchikiya
2986,16376359,"Super Monkey42","2026-06-25 23:48:17",447.8,2,trevorbernhard
2987,16411429,Rn86222,"2026-06-25 12:31:23",447.3,2,rn86222
2988,16376037,石sion,"2026-06-18 05:37:01",446.8,2,herat0034
2989,16372827,"Tetsuya A","2026-06-20 11:32:29",446.6,2,tetsuyaa
2990,16416328,"Mathieu Bartels","2026-06-23 14:34:54",446.5,2,vincomnis
2991,16377745,MECHINE,"2026-06-22 01:23:55",446.4,2,nainglinwai
2992,16375871,Yuta,"2026-06-18 03:03:19",446.4,2,yutaecon
2993,16379491,Tsutsu_01,"2026-06-18 01:43:49",446.0,2,foopa66666
2994,16415978,"Florian Tanguy","2026-06-23 01:56:37",445.8,2,floriantanguy
2995,16383764,"Lucas Sterniak","2026-06-18 16:01:24",445.6,2,lucassterniak
2996,16386287,高橋拓夢,"2026-06-23 05:25:50",445.6,2,orangettk
2997,16424877,flower_DJSHS,"2026-06-24 06:16:46",445.5,2,flowerdjshs
2998,16418917,SeiichiroIshii,"2026-06-25 19:03:53",444.8,2,seiichiroishii
2999,16375679,HanaMew,"2026-06-28 00:00:15",444.5,2,hanamew
3000,16389725,wartauk,"2026-06-21 14:27:43",444.4,2,wartauk
3001,16382349,madoka1111,"2026-06-22 03:27:54",444.2,2,madoka1111
3002,16383336,tong00,"2026-06-19 17:11:38",443.7,2,tong00
3003,16421951,"sixer srinath","2026-06-27 17:21:05",443.6,2,srinath2495
3004,16433277,"Mai Kevin","2026-06-26 12:29:47",443.1,1,maikevin
3005,16382347,Takeshi&maria,"2026-06-23 11:00:52",442.6,2,takeshimaria
3006,16430137,mqi666,"2026-06-25 21:31:31",442.2,1,mqi666
3007,16380646,mmasato,"2026-06-23 11:24:11",442.1,2,mizogakimasato
3008,16441839,taksai,"2026-06-28 01:06:58",441.7,2,tsaito21219
3009,16388108,koshien1984,"2026-06-21 01:30:12",441.3,2,koshien1984
3010,16420919,"Masahiko Matsui","2026-06-27 01:07:28",441.2,2,mmatsui0515
3011,16393491,"Mostafa Sherif","2026-06-23 08:05:14",441.2,2,raxor23
3012,16407445,EitaF,"2026-06-27 12:58:00",439.6,1,eitafukumoto
3013,16382464,tudoumono,"2026-06-18 16:57:57",439.3,1,tudoumono
3014,16406908,TomCAT,"2026-06-21 12:07:36",439.0,1,tnekocat
3015,16375061,"Teru O.","2026-06-28 00:11:26",439.0,2,terno1011
3016,16382540,taya,"2026-06-24 08:32:14",438.7,2,"eitokoyama,hottotto,tayanggggggg"
3017,16392432,af21081,"2026-06-19 14:53:30",438.5,2,af21081
3018,16382662,"Rafael Flor Rodríguez-Rabadán","2026-06-25 07:02:07",438.1,2,rafaelflor
3019,16411075,Panoptes,"2026-06-28 00:08:15",437.5,2,brockwright
3020,16376890,"Takanori Abe","2026-06-19 12:19:08",437.4,2,takanoriabe
3021,16385487,GemNo.9,"2026-06-21 19:28:39",437.1,2,gemno9
3022,16375051,"Berk Ozak","2026-06-23 13:44:35",436.8,2,berkozak
3023,16408484,ko_fusion_JPN,"2026-06-26 14:04:42",436.8,2,kofusionjpn
3024,16380846,"Farigiraf Stats","2026-06-27 08:59:44",436.7,2,"andyferraris,arckaynine,goldenladybug,jellyghost"
3025,16428762,Tomy,"2026-06-27 19:20:35",436.6,2,tomycabrer
3026,16376518,Kyota,"2026-06-27 14:49:06",436.6,2,kyotaroizumi
3027,16372198,"Dale Jung","2026-06-27 22:50:37",436.4,2,"quest47,wjdeodlf0123"
3028,16378777,kotatok,"2026-06-22 02:48:33",436.2,2,kotatok
3029,16413209,Victor,"2026-06-25 05:59:42",435.5,2,victort3
3030,16394931,MichiFuna,"2026-06-27 07:41:07",435.4,2,michifuna
3031,16381545,okuokuyt,"2026-06-17 21:30:22",434.8,2,okuokuyt
3032,16418733,mutou,"2026-06-26 16:12:19",434.4,1,mutou0610
3033,16437037,Abhinav_Abhinav_the_one,"2026-06-27 15:34:29",434.4,2,abhinavabhinavtheone
3034,16383293,AK,"2026-06-17 17:09:45",433.3,2,aksi23412
3035,16422645,Zwieks,"2026-06-27 16:53:26",433.2,2,zwieks
3036,16379804,kidnanarya,"2026-06-19 12:02:06",433.2,2,kidnanarya
3037,16404953,Kouto,"2026-06-23 02:56:42",433.1,2,koutokouto
3038,16376572,renoyu,"2026-06-26 01:50:50",432.9,2,renoyu
3039,16380393,"Aarit Haldar","2026-06-24 08:28:27",432.3,2,aarithaldar
3040,16399989,"The Weeknd","2026-06-26 07:11:12",432.2,2,th3w33knd
3041,16372178,Kaiman2110,"2026-06-16 14:35:40",432.1,1,kaiman2110
3042,16387181,tofumagi,"2026-06-18 17:26:56",432.0,2,tofumagi
3043,16406311,"kaito ide 31","2026-06-27 09:16:20",432.0,2,kaitoide31
3044,16387494,桜草メイ,"2026-06-19 00:58:37",431.9,2,sakuramay999
3045,16382455,"jin hiratsuka","2026-06-26 09:38:52",431.7,2,jinhiratsuka
3046,16376474,itofuki,"2026-06-22 10:55:00",431.6,2,itofuki
3047,16399878,sol12378,"2026-06-24 01:17:03",431.5,1,sol12378
3048,16384590,"Jermaine Wiggins","2026-06-21 03:41:07",431.5,2,jermainewiggins
3049,16388752,"Zachariah Glad","2026-06-27 01:44:45",431.3,2,zachariahglad
3050,16404551,"Arnav Dagli","2026-06-27 06:33:32",430.0,2,arnavdagli
3051,16376598,Kohecchi,"2026-06-22 04:33:04",429.2,1,kohecchi
3052,16373277,cherlilly,"2026-06-18 15:06:43",429.0,2,cherlilly
3053,16388368,bruxelles,"2026-06-26 06:43:55",428.9,2,bruxelles
3054,16372825,"Sanc Tuary","2026-06-16 16:29:18",428.9,2,sanctvsize
3055,16377529,nya,"2026-06-17 16:51:50",428.8,2,jerryishihara
3056,16373586,zono819,"2026-06-22 15:40:37",428.8,2,zono819
3057,16386871,kanana-studio,"2026-06-27 06:57:01",428.5,2,kananastudio
3058,16380853,"kokuto k","2026-06-20 02:46:38",428.5,2,kokutok
3059,16384637,chanta093,"2026-06-18 10:06:34",428.3,2,chanta093093
3060,16381160,miso,"2026-06-26 16:47:35",427.8,2,deusanzu
3061,16382280,oooooootu,"2026-06-17 16:40:59",427.6,2,oooooootu
3062,16419152,yayoc,"2026-06-26 14:56:07",427.5,2,yayoctokyo
3063,16398904,EKMorris,"2026-06-26 17:02:12",427.4,2,hdraider
3064,16384315,alekh,"2026-06-27 19:43:28",426.9,2,aleksanderhan
3065,16376857,okubyfire,"2026-06-18 12:12:08",426.7,2,okubyfire
3066,16374996,Altair,"2026-06-27 15:02:31",426.6,2,altair168
3067,16389403,HLKT,"2026-06-24 20:55:37",426.6,2,terawiseman
3068,16377908,"Yuto Asano","2026-06-17 09:51:05",426.2,2,yutoasano
3069,16413120,りんなな,"2026-06-26 22:34:04",425.7,2,hirosaitou
3070,16405219,kunugirasuku,"2026-06-24 12:13:38",425.5,2,"daigosakai,sanamichoro"
3071,16378204,DOMinators,"2026-06-17 12:06:08",425.5,1,nisargvashi
3072,16413990,"Poké Bowl","2026-06-27 15:21:51",425.2,2,"harrishayy21,thomasmoody1"
3073,16374672,"Allan Kássio Beckman Soares da Cruz","2026-06-26 15:17:41",425.1,2,allankcruz
3074,16372740,SunaD0630,"2026-06-27 14:18:30",424.7,2,sunad0630
3075,16385755,CoorDi,"2026-06-26 06:22:27",424.0,2,bxy0125
3076,16397811,DaisukeHiguchi1126,"2026-06-26 05:59:55",423.3,2,daisukehiguchi1126
3077,16381346,MKTRIP,"2026-06-17 14:27:23",422.2,1,koheikamijima
3078,16379946,中村恵大,"2026-06-24 07:59:31",422.1,2,chimannnn
3079,16373846,C,"2026-06-26 20:45:52",421.8,2,"macsaho,mukunoke,tks3210,yu0307,yuikag"
3080,16377906,aramaa_game,"2026-06-22 01:19:29",421.7,2,aramaagame
3081,16443295,"Pocket Arena","2026-06-28 00:53:48",421.6,2,chikaraueta
3082,16420537,sawara,"2026-06-23 13:48:19",421.4,1,tonakaiiii
3083,16379276,ASDA,"2026-06-27 14:14:12",421.2,2,akiwakabayashi
3084,16381543,"hiroaki obana","2026-06-22 15:19:30",420.8,2,hiroakiobana
3085,16418364,"beast in SIMOKITAZAWA","2026-06-27 14:15:32",420.6,2,beastinsimokitazawa
3086,16381952,trow126,"2026-06-23 02:41:40",418.7,2,trow126
3087,16391873,tk.mit0127,"2026-06-20 04:28:00",418.7,2,tkmit0127
3088,16373898,"tomek kur","2026-06-17 11:02:41",418.6,2,tomekkur
3089,16397604,sato7564,"2026-06-27 11:07:52",418.6,2,sato7564
3090,16384656,Bulbaflare,"2026-06-19 17:23:52",418.5,2,bulbaflare
3091,16386866,yeonggil7,"2026-06-20 11:27:37",418.2,1,yeonggil7
3092,16371970,mrk,"2026-06-27 00:57:20",417.4,2,matsubaratakuji
3093,16379050,"Benedek Brandschott","2026-06-19 21:19:32",416.6,3,benedekbrandschott
3094,16383541,harapeco_onakasuita,"2026-06-18 14:11:43",416.2,2,harapecoonakasuita
3095,16375492,"Kazuto Matsui","2026-06-26 00:28:53",415.4,2,kazutomatsui
3096,16374832,"ARNAV PANDEY","2026-06-18 09:39:55",415.2,2,arnavsuiiiiiiiiiiii
3097,16383045,nethakase,"2026-06-23 01:52:14",415.1,2,nethakase
3098,16381098,orchidee8081,"2026-06-21 14:06:52",414.6,2,orchidee8081
3099,16377933,kiyomaro026,"2026-06-19 01:38:09",414.6,2,kiyomaro026
3100,16427493,なかけん,"2026-06-26 04:18:41",414.2,2,nakaken2525
3101,16430412,"Eslam Elzamkan","2026-06-25 04:46:46",414.1,1,eslamelzamkan
3102,16438219,Jarl_Bulbasaur,"2026-06-27 01:17:12",413.8,1,jarlbulbasaur
3103,16427313,"Zane Cheung","2026-06-25 07:30:28",413.7,2,zhengyuanchuang
3104,16383509,"Ryan Rumble","2026-06-26 21:51:22",413.6,2,ryanrumble
3105,16373134,mishio,"2026-06-21 15:29:49",413.5,2,myosin340
3106,16372204,eimanjibot,"2026-06-27 14:52:44",412.1,2,eimanjibot
3107,16421007,yshinok,"2026-06-28 00:54:42",412.0,2,yukishinohara0114
3108,16373544,kawanot,"2026-06-21 23:15:35",411.8,2,kawano
3109,16388674,thyme20010113,"2026-06-18 15:15:27",410.9,2,thyme20010113
3110,16396044,"Silas Kinsman","2026-06-20 13:58:58",410.8,1,silaskinsman
3111,16389721,"Kazuma Mori","2026-06-26 09:02:45",410.4,2,mk7wx3
3112,16382118,V0!dR0^2t,"2026-06-27 15:48:15",409.6,2,"hirata0522,hirotoisogai,naniwazu,v0dr02t,yoichidoi"
3113,16381685,新松戸ポケカ研究所,"2026-06-20 04:32:15",409.4,2,"wab2nd,yanbaru"
3114,16373808,"Yuka,Ota","2026-06-27 10:04:41",408.9,2,yukaika
3115,16398828,"Thomas Vu","2026-06-23 22:29:31",408.7,2,thomasjvu
3116,16372819,CIARANA,"2026-06-27 22:56:21",408.7,2,ci4r4n4
3117,16377212,Nekoneko,"2026-06-19 08:13:57",408.0,2,mcnekoneko
3118,16411992,"Yiding Cui","2026-06-22 06:53:50",407.3,2,yidingcui
3119,16373326,kanade73,"2026-06-16 15:42:04",406.8,1,knd703
3120,16405299,"Trinity Tea Party","2026-06-23 12:55:39",406.5,2,"keitaroboin,tangtheta"
3121,16398428,Techolve,"2026-06-27 00:59:37",404.4,2,"heki0824,ytaichi"
3122,16377124,"Lee Tai Peng","2026-06-20 02:23:04",404.2,1,leetaipeng
3123,16443363,hi_flygon,"2026-06-27 14:37:42",403.8,1,hiflygon
3124,16388602,hosyan,"2026-06-25 00:56:20",403.5,2,"hosyan3279,nerohix"
3125,16372904,sati1996,"2026-06-23 04:20:24",403.3,1,sati1996
3126,16393950,huchkw,"2026-06-19 16:05:35",403.3,2,huchkw
3127,16392782,"Hiroto Tarora","2026-06-26 01:18:56",403.2,2,hirototarora
3128,16405470,okayuHY,"2026-06-23 18:33:07",403.0,2,okayuhy
3129,16372635,"Yuki TASHIRO","2026-06-16 14:02:31",403.0,1,yukitashiro
3130,16382903,"Carlos David Andrade","2026-06-26 16:13:30",402.8,2,carlosdavidandrade
3131,16410431,DIGIPONSTER,"2026-06-25 18:55:08",402.4,2,"alinachuang,juvechankasemporn,shmartinchow,zdavis94"
3132,16379344,"yuki #4","2026-06-24 23:41:08",402.3,2,yukikizuka
3133,16374810,まきしゅうた,"2026-06-16 22:12:44",402.1,2,maxxxine
3134,16379298,usubazzz,"2026-06-22 14:55:19",401.9,2,usubazzz
3135,16406019,torawo_2002,"2026-06-22 13:22:06",401.2,1,torawo2002
3136,16392966,taaaaaaaaaa,"2026-06-26 06:49:12",400.6,2,taaaaaaaaaa
3137,16418019,渡邉瑛貴,"2026-06-26 12:59:36",400.6,2,eeeeiki
3138,16392764,"Hachi TCG","2026-06-25 04:13:33",400.1,2,hachitcg
3139,16387757,Gracie,"2026-06-25 14:45:01",400.0,2,gracie428
3140,16376298,Toriitechforge_John,"2026-06-27 02:44:02",400.0,2,toriitechforge
3141,16394596,nikepoke,"2026-06-26 05:58:14",399.9,2,nikepoke
3142,16399670,Vookmarket,"2026-06-26 12:39:02",399.8,2,bookmarked
3143,16414864,tyakku_k2k,"2026-06-27 02:46:11",399.3,2,tyakkuk2k
3144,16384963,"Takuya Shinozaki","2026-06-18 18:57:35",398.8,1,takushino
3145,16373658,nianag0,"2026-06-25 23:51:43",398.1,1,daichimuraoka
3146,16371729,gaony,"2026-06-27 09:28:54",397.5,2,gaony571
3147,16424532,zamami,"2026-06-28 00:01:00",397.4,2,zamami
3148,16425055,"yasu. 78","2026-06-25 07:04:02",396.9,2,yasu78
3149,16394629,BasicallyBot,"2026-06-26 19:08:27",396.2,2,shayanmandrekar
3150,16378882,"chihiro tomioka","2026-06-27 05:43:16",396.2,2,chihirotomioka
3151,16375062,"Yuki Nakatsuka","2026-06-22 16:22:55",396.1,2,yukinakatsuka
3152,16396707,"HAL TCG Dojo","2026-06-28 00:28:25",395.8,2,kafein
3153,16386632,情理とこうせい,"2026-06-24 10:57:29",394.9,2,"joya0214,ryotarokonishi,yuyafujiwara0123"
3154,16377345,ChawanutCharoenthammachoke,"2026-06-17 07:00:16",394.7,1,championest
3155,16383230,"Florian Brunotte","2026-06-19 21:02:04",394.6,2,florianbrunotte
3156,16400652,Martin,"2026-06-23 18:20:52",393.9,1,autotech85
3157,16396813,Luscaassz,"2026-06-24 20:30:18",393.8,1,luscaassz
3158,16377131,Kalameet,"2026-06-23 03:29:28",393.7,2,kalameetvsgough
3159,16385614,Leekyung,"2026-06-27 11:25:26",393.6,2,ryanfiorentino
3160,16375849,onigiri_meal,"2026-06-19 03:40:48",393.0,2,nozonozonozo
3161,16372111,"Andrew Lee","2026-06-21 18:51:25",392.5,2,andrewlee23023
3162,16409161,KD,"2026-06-21 17:04:42",392.5,2,kodaihoshi
3163,16430759,Millerbyte,"2026-06-27 00:05:06",390.5,2,millerbyte
3164,16396076,"Ryoya Tanoue","2026-06-25 05:28:25",390.2,2,"hiroyasuito,ryoyatanoue,taiseiito9"
3165,16400975,Kristian,"2026-06-20 10:42:54",390.1,1,aldisued
3166,16439980,Rafiozoo,"2026-06-27 14:59:45",389.7,2,rafiozoo
3167,16418125,ky_penyo,"2026-06-23 15:23:12",389.7,1,kypenyo
3168,16402993,erde,"2026-06-20 15:44:14",389.6,1,erdedelrey
3169,16371472,tomioka,"2026-06-23 13:10:31",389.1,2,tomiokar
3170,16392230,fjtk005,"2026-06-19 05:24:36",389.0,1,fjtk005
3171,16401805,YK-Orfeluna,"2026-06-21 18:04:27",388.6,1,yukikitagishi
3172,16391821,黒田海斗,"2026-06-20 12:46:28",388.6,2,kaitokuroda
3173,16375899,MamMr,"2026-06-24 12:57:27",388.4,2,miranistamakino
3174,16435646,"Ankita Priyadarsini Mallik","2026-06-26 11:29:48",388.3,1,ankitapmallik
3175,16385556,sysullf,"2026-06-27 03:56:50",387.8,2,lilefei
3176,16398509,Alvin_Lee,"2026-06-27 09:18:13",387.8,2,kangweilee
3177,16421728,"VSKi Li","2026-06-27 04:24:32",387.6,2,vskili
3178,16375738,currypurin,"2026-06-18 12:39:22",387.3,2,currypurin
3179,16373314,"Ryoya Tsuruoka","2026-06-21 10:37:07",386.5,2,irohasorange
3180,16411031,"Tai Yoda","2026-06-22 05:50:35",386.4,1,taiyoda
3181,16376959,s.kawabata0318,"2026-06-19 03:30:01",385.8,2,skawabata0318
3182,16430461,Cafelatte1,"2026-06-25 01:52:04",385.8,1,cafelatte1
3183,16443790,lveshi,"2026-06-27 20:00:43",385.7,2,lveshi
3184,16384411,Deobot,"2026-06-23 05:41:35",384.7,2,deobot
3185,16371384,gawa0000,"2026-06-19 20:09:23",384.3,2,gawa0000
3186,16395420,"Dirk Moreno Arias","2026-06-22 13:06:13",384.2,2,dirkmorenoarias
3187,16377853,"hina-no is all you need","2026-06-19 23:21:43",384.0,2,tyokousagi
3188,16383949,genki_hagata,"2026-06-20 15:09:48",383.4,2,genkihagata
3189,16396502,TheDigitalCK,"2026-06-27 00:16:33",383.4,2,thedigitalck
3190,16408500,Joe722,"2026-06-22 09:50:56",383.0,2,joe722
3191,16396322,KDelapeace,"2026-06-20 20:05:34",382.9,2,kdelapeace
3192,16381485,"Shuhei Asaka","2026-06-17 13:06:46",382.6,1,shuheiasaka
3193,16373598,"Ahmed A.","2026-06-18 17:10:03",382.5,2,archie40004
3194,16377651,PeterOldriver,"2026-06-21 07:14:12",382.1,1,peteroldriver
3195,16372801,mingjiang,"2026-06-18 12:22:24",381.9,2,ayuthu
3196,16380308,yamayuki_poke,"2026-06-17 10:24:34",381.3,1,yamayukipoke
3197,16397117,"Zach Lindsey","2026-06-24 03:56:58",381.2,2,zlindsey
3198,16442135,Regulus2838,"2026-06-27 18:27:07",381.2,2,regulus2838
3199,16390732,yw8837,"2026-06-21 18:32:04",381.0,2,yw8837
3200,16376568,KENMANGG,"2026-06-17 04:17:39",380.5,2,kenmangg
3201,16372507,Tsukusim,"2026-06-16 14:11:12",380.4,2,tsukusim
3202,16385753,Miyashin,"2026-06-20 05:51:59",380.2,1,shinyamiyai
3203,16380641,guregu321,"2026-06-17 11:50:43",380.0,1,guregu321
3204,16431484,Amberlogy,"2026-06-27 17:19:40",380.0,2,amberlogy
3205,16428055,"Johannes Reber","2026-06-27 19:33:10",380.0,2,johannesreber
3206,16391215,"Klenio Padilha","2026-06-23 07:09:52",380.0,2,kleniopadilha
3207,16384288,"Gumi Bera","2026-06-22 02:18:40",379.8,2,gumibera
3208,16377475,souta927,"2026-06-23 15:20:07",379.7,2,souta927
3209,16386335,nanamituki,"2026-06-18 12:29:42",379.6,1,nanamituki
3210,16375519,"Klein Houmani","2026-06-28 00:49:48",379.5,2,kleinhoumani
3211,16392664,ryogaga,"2026-06-21 08:33:20",379.1,2,ryogaaka
3212,16372901,tarinta,"2026-06-28 00:33:35",378.4,2,tarinta
3213,16378733,Quinten21,"2026-06-19 19:00:37",378.1,2,quinten21
3214,16394199,茅島新矢,"2026-06-23 06:42:39",378.1,2,shinyalll
3215,16377962,Javakky,"2026-06-27 10:13:33",377.8,2,javakky
3216,16395195,Nineso,"2026-06-27 03:54:19",377.5,2,timothylovett
3217,16374192,juice-le,"2026-06-22 06:36:05",377.1,2,juicele
3218,16394988,yuto16,"2026-06-19 16:16:43",376.9,1,yuto16
3219,16433171,Zarkys,"2026-06-26 06:58:41",376.6,2,zarkys
3220,16375677,"JoJo Lerner","2026-06-21 01:59:19",376.2,1,jojolerner
3221,16372742,soraKING44,"2026-06-26 21:28:21",375.7,2,soraking44
3222,16385281,hide29,"2026-06-18 17:47:29",375.5,1,hide29
3223,16388948,"yuki #5","2026-06-22 14:14:08",375.1,2,gozboy
3224,16372035,"Keita Kakinuma","2026-06-16 12:58:54",374.9,1,raimuchan
3225,16376710,"HIROYA KIKUCHI","2026-06-24 00:26:05",374.8,2,hiroyakikuchi
3226,16388024,LunarLabs,"2026-06-18 12:00:10",374.6,2,lunarlabs
3227,16377061,kaggle.omusubi,"2026-06-17 06:09:25",374.4,1,kaggleomusubi
3228,16406438,"Hiroyuki Jodai","2026-06-24 12:07:11",374.3,2,hiroyukijodai
3229,16386584,"AnDy Trần","2026-06-18 06:42:46",374.2,1,andytrn
3230,16386249,"Aditya Singh","2026-06-19 11:25:23",374.1,2,adityasingh157735
3231,16392990,"Kou Nishioka","2026-06-26 14:24:17",374.1,1,kounishioka
3232,16396408,"Benard Otieno","2026-06-25 13:15:06",374.1,2,benoch
3233,16393423,Takk,"2026-06-26 07:35:27",373.8,2,takkume
3234,16405011,Dux,"2026-06-24 05:25:43",373.5,2,luizguilhermebonadio
3235,16381560,"Akihiro Nomura","2026-06-27 13:11:05",373.5,1,akihironomura
3236,16388982,Ryutaro,"2026-06-18 13:43:21",373.4,1,ryutaroha
3237,16395350,"Ishan Kapoor","2026-06-25 12:14:17",373.3,2,ikapoor23
3238,16414646,X.X,"2026-06-22 14:44:44",373.0,1,mikeintokyo
3239,16394409,"Kento Umeda","2026-06-28 00:13:20",372.9,2,kent1989umeda
3240,16384549,ReefSnax,"2026-06-28 00:39:19",372.6,2,reefsnax
3241,16381180,RG,"2026-06-18 04:02:04",371.4,2,reo777
3242,16379668,"Hirotaka Sugawara","2026-06-26 21:17:51",370.1,2,hirotakasugawara
3243,16381236,JOKER777,"2026-06-18 16:50:25",369.9,1,joker777hk
3244,16377717,"Le Chaton Fat","2026-06-18 13:47:02",369.3,2,anmatngu
3245,16384497,"patchgi (パッチギ)","2026-06-18 21:21:39",369.3,2,patchgi
3246,16389466,DevAIL,"2026-06-23 12:35:32",369.2,1,omarpanda
3247,16395235,"Masashi Onda","2026-06-26 07:53:11",368.9,1,masashionda
3248,16392476,"Yuki Kawakami123","2026-06-23 15:42:41",368.5,2,yukikawakami123
3249,16372543,pokesom,"2026-06-25 11:59:11",368.2,1,pokeso
3250,16380218,"SATOYUKI HATA","2026-06-17 10:11:55",367.9,1,satoyukihata
3251,16435438,Paddington,"2026-06-28 00:14:34",367.9,2,"irinatarasyuk,marcinsalaterski"
3252,16381085,"takuya asami","2026-06-27 05:24:55",367.5,2,takuyaasami
3253,16395385,JKong,"2026-06-19 15:34:20",367.4,1,kmt2001
3254,16371886,Mudkip_88,"2026-06-26 07:57:26",367.2,2,mudkip88
3255,16380917,Kai_zuta,"2026-06-17 12:54:01",366.3,1,kaizuta
3256,16377288,ItsEvie,"2026-06-26 03:38:57",365.4,2,itsevie
3257,16381467,"Jon Duea","2026-06-18 19:28:08",364.9,1,jonduea
3258,16392887,AnkushSnigh,"2026-06-25 10:09:35",364.9,2,ankushsnigh
3259,16376249,Jay,"2026-06-26 00:56:35",362.5,2,a22658802
3260,16441783,"Ryohei Nakamura","2026-06-27 13:32:14",361.7,2,ryohei0822
3261,16387994,"Manoj Gowda BG","2026-06-27 05:57:08",361.6,2,manojgowdabg
3262,16385016,"Kyoungwon Jeong","2026-06-23 09:22:13",361.3,2,kyoungwonjeong
3263,16396030,"Matthew Ji","2026-06-27 22:59:23",361.3,2,matthewji
3264,16388587,mouriman,"2026-06-18 15:05:32",361.2,1,mouriman
3265,16422640,"Sapiens Livre","2026-06-27 03:42:23",361.1,2,sapienslivre
3266,16386972,Apocalypse7,"2026-06-25 12:05:46",360.8,2,apocalypse7
3267,16385450,"We Are Slow","2026-06-27 14:00:01",360.2,2,"cmudkip,ksun123"
3268,16376473,"Taro Nagasawa","2026-06-17 04:02:31",360.0,1,taronagasawa
3269,16414464,littlecitizen,"2026-06-23 16:18:07",358.9,1,littlecitizen
3270,16424460,NaviCE,"2026-06-25 14:32:52",358.8,1,navice
3271,16393689,"Ken-ichi Ishii","2026-06-19 09:16:39",358.1,1,furoki141
3272,16388974,brave-心勇-heart,"2026-06-20 16:19:15",357.8,2,braveheart
3273,16381151,KIHA-X,"2026-06-17 14:27:54",357.8,2,"moosan6363,plainoaks"
3274,16407114,Gaarv,"2026-06-24 14:28:46",357.1,2,gaarv1911
3275,16378711,piro3112,"2026-06-18 04:13:58",356.7,1,piro3112
3276,16371777,Ravindra,"2026-06-18 06:33:53",356.6,2,ravi123a321at
3277,16388436,"Alexey Akinshchikov","2026-06-20 22:26:28",356.5,1,akinshchikov
3278,16444567,"Muhammad Hayyan Akhtar ","2026-06-27 21:00:13",356.0,1,muhammadhayyanakhtar
3279,16412835,czhhhhh,"2026-06-24 03:43:59",356.0,2,czhhhhh
3280,16404074,"ryo aoyama","2026-06-27 15:06:00",356.0,2,raoyama
3281,16400909,bu,"2026-06-20 10:35:57",355.4,1,yabuuchikazuhide
3282,16381287,Bondo,"2026-06-26 13:33:29",354.2,2,emulsion
3283,16389063,takoyaki_taiyaki,"2026-06-18 15:52:12",354.1,2,takoyakitaiyaki
3284,16393058,"Takahiro Cho","2026-06-24 06:23:21",354.1,2,takahirocho
3285,16380968,KH_shadow,"2026-06-17 14:48:42",354.1,2,khshadow
3286,16440525,"hamza khokhar890","2026-06-27 17:19:08",354.1,2,hamzakhokhar890
3287,16390817,"Brista T","2026-06-27 18:56:52",354.0,2,bristat
3288,16373498,瀬川尚紀（おしるこ）,"2026-06-16 15:44:20",353.8,1,oshiruko620
3289,16418935,"M Irfan Shahid","2026-06-25 08:04:41",353.8,2,mirfanshahid
3290,16381967,true-machida,"2026-06-18 13:29:25",353.6,1,truemachida
3291,16392744,tsubas,"2026-06-21 10:02:51",353.6,1,tsubas
3292,16380292,esu_oshawott,"2026-06-17 10:20:51",353.1,1,esuoshawott
3293,16371881,Cathay_TCG,"2026-06-27 20:42:47",353.1,2,"chenghojung,chenkuanwu,tanimal,tinghsunchi,zerounnamed"
3294,16398023,kuromaru10yen,"2026-06-27 02:19:16",352.1,2,kuromaru10yen
3295,16402641,とりてんチャンネル（とりてんチャンネル）,"2026-06-26 07:18:01",352.0,2,toriten
3296,16376815,vetsin,"2026-06-21 22:14:47",351.7,2,vetsin
3297,16439198,"Can Kural","2026-06-27 20:31:43",351.5,2,kamocan
3298,16397628,BrendaScarleth,"2026-06-20 23:57:22",351.3,2,"brendascarleth,josangelsanchez"
3299,16395404,André🇧🇷,"2026-06-19 17:56:37",351.2,2,andrefernand
3300,16432270,yu_yukk_y,"2026-06-27 02:32:21",351.1,2,"s2010119,yuyukky"
3301,16377354,yashjakhar99,"2026-06-23 14:47:24",350.9,2,yashjakhar99
3302,16379426,works.management,"2026-06-26 06:21:07",350.9,2,worksmanagement
3303,16405050,HarukiArai,"2026-06-21 05:32:09",350.7,2,akasa18890
3304,16400681,MKLeon,"2026-06-21 15:02:03",349.9,2,mkleon
3305,16375826,"Keita Shimada","2026-06-22 07:04:25",347.3,2,keishi01
3306,16402105,Kitaev,"2026-06-27 13:57:19",347.1,2,takumihikichi
3307,16432647,pcxxxxxx,"2026-06-25 10:55:55",347.0,1,pcxxxxxx
3308,16373883,Aregus,"2026-06-20 01:08:51",346.1,2,aregus
3309,16397125,"Yu Zhang","2026-06-21 01:27:33",345.9,2,zhangyu0217
3310,16405331,EnoMi4mg,"2026-06-21 05:29:27",345.6,2,enomi4mg
3311,16392933,"Joseph Laurienzo","2026-06-23 14:01:36",344.3,2,josephlaurienzo
3312,16426063,ter4,"2026-06-27 22:40:02",344.1,2,ter2610
3313,16381246,Ultra7,"2026-06-26 13:28:22",343.0,2,yammyd
3314,16414460,CANGHAI,"2026-06-27 04:35:38",343.0,2,bingzhenjiang
3315,16412895,"AJAY JAIKRISHNAN","2026-06-23 14:22:57",342.8,2,ajayjaikrishnan
3316,16419610,"Hải Đăng","2026-06-24 10:01:12",342.6,2,haidang2405
3317,16419675,waiwai0121,"2026-06-27 16:17:39",342.6,1,waiwai0121
3318,16438492,"Kiran Vitly","2026-06-27 16:04:01",342.4,2,kiranvitly
3319,16378441,Seiha,"2026-06-18 09:59:47",342.2,2,emilphilvinod
3320,16380262,"sleeping aqua","2026-06-20 23:52:53",341.7,1,sleepingaqua
3321,16430322,"Harsh Chaudhary ml","2026-06-26 22:38:51",341.2,2,harshchaudharyml
3322,16406817,kwsk0907,"2026-06-21 15:07:12",340.3,2,kwsk0907
3323,16395091,wani,"2026-06-24 21:09:27",340.2,2,yosukekashiwagi
3324,16387825,T_death,"2026-06-18 12:38:42",339.7,1,tdeath1729
3325,16378031,"[Deleted] 87d00d5e-2534-45ed-b859-3d272112a525","2026-06-18 08:29:25",339.5,1,del=bc4901e0aedfd722
3326,16377557,ポケカ前線,"2026-06-27 03:34:17",338.6,2,"keitookamoto,lemoninthelemonade,yuubinnkyoku"
3327,16406732,fanta1127,"2026-06-27 10:10:06",337.6,2,fanta1127
3328,16383707,"Quentin Barbarat","2026-06-17 20:22:18",337.5,1,sunbr0
3329,16379875,Mystique　Kobayashi,"2026-06-27 03:15:34",336.7,2,aniotamain
3330,16382486,Maximiliano,"2026-06-24 00:45:12",336.5,2,maximim
3331,16376791,k.wata,"2026-06-27 14:49:44",336.4,1,wararaki
3332,16374568,RubenGG94,"2026-06-16 18:50:35",336.1,1,rubengg94
3333,16395377,cazzie003,"2026-06-27 15:42:14",336.1,2,cazzie003
3334,16435737,MoriTeruto,"2026-06-27 11:31:30",336.0,1,moriteruto
3335,16410790,Nozopo,"2026-06-27 13:02:15",336.0,2,nozopo
3336,16421831,MewVMAX,"2026-06-23 17:52:29",335.8,2,iskw0816
3337,16406030,"Devesh Dua","2026-06-27 16:19:55",335.7,2,deveshdua
3338,16387146,青学技術開発チーム,"2026-06-27 06:59:41",334.5,2,"kojiskt,shusukenambu"
3339,16402341,I'mAI0320,"2026-06-26 09:04:20",334.4,2,imai0320
3340,16387428,sasaki,"2026-06-18 08:35:01",333.4,1,rsasaki
3341,16377706,Heracr0ss,"2026-06-17 06:30:24",333.3,2,heracr0ss
3342,16401206,"Tomonari Inagaki","2026-06-22 03:21:04",333.2,2,tomonariinagaki
3343,16388802,uhyoppo,"2026-06-27 17:27:46",332.8,2,"kitiban,kona571,uhyoppo"
3344,16415048,mashuuuooo,"2026-06-26 16:24:59",332.7,2,"mashuuuooo,toshimitsuyuki"
3345,16401940,Damocan,"2026-06-27 12:33:23",332.6,2,ryokaieda
3346,16374860,"Bryson Tang","2026-06-16 20:16:26",332.5,1,brysontang
3347,16382483,goukenn,"2026-06-19 08:21:24",332.3,2,goukenn
3348,16401628,YukiIde,"2026-06-27 10:26:26",331.4,2,yidey1231
3349,16382121,yiyi,"2026-06-17 16:25:45",331.1,2,ystoke
3350,16382861,"Sima Sinha","2026-06-17 16:36:55",331.0,2,simasinha
3351,16383668,Eigetuin,"2026-06-26 06:15:52",331.0,2,h0geh0ge
3352,16432537,vividmind,"2026-06-25 17:31:18",330.9,1,frozenorb
3353,16405276,tereka,"2026-06-22 15:43:20",330.9,2,tereka
3354,16397133,Simon-the-sorcerer,"2026-06-27 22:47:02",330.6,2,simonwiller
3355,16437005,Ricebug,"2026-06-27 16:45:35",330.3,2,ricebugtw
3356,16389834,"Thái Văn Tài","2026-06-25 16:57:26",329.3,2,thivnti
3357,16376048,"Narumi Miyazawa","2026-06-20 10:24:55",329.2,1,narumimiyazawa
3358,16435217,"Snow Yan","2026-06-27 10:27:13",329.2,2,snowy615
3359,16374429,Kawake1,"2026-06-16 18:30:23",329.1,1,kawake1
3360,16385932,"Takauchi Suguru","2026-06-21 23:20:49",328.3,2,gurusut
3361,16441611,MIutrix,"2026-06-27 11:52:32",328.2,1,miutrix
3362,16375328,Hum1060,"2026-06-16 22:26:03",328.0,1,kimimimimi
3363,16425341,"Abhinav Kotnala","2026-06-24 06:44:40",327.9,1,abhinavkotnala
3364,16402252,"Ryosuke Inoda","2026-06-20 13:48:58",327.7,2,ryosukeinoda
3365,16406126,"Dominic Lo","2026-06-27 20:32:51",327.3,2,doloknight
3366,16411122,"Léo Bouscarrat","2026-06-22 16:39:27",326.5,2,lbouscarrat
3367,16377488,hagglemekaggle,"2026-06-22 19:11:05",324.9,2,hagglemekaggle
3368,16382133,"stray dog","2026-06-21 03:52:46",324.3,2,straydogman
3369,16379938,takagi.y,"2026-06-21 03:19:27",324.1,2,takagiy
3370,16372753,nashu,"2026-06-27 04:28:34",323.2,2,nashu361
3371,16415046,"Kulwinder Kapoor","2026-06-23 02:06:31",322.9,2,kulwinderkapoor
3372,16375936,CHS,"2026-06-23 05:51:48",322.4,2,chs113
3373,16373426,Kintaro,"2026-06-18 18:01:47",321.8,2,kintaro03
3374,16372783,yakitori55,"2026-06-19 03:13:32",321.7,2,yakitori55
3375,16389755,Ryota1216,"2026-06-21 07:19:58",321.6,2,riyouta1216
3376,16380844,東城立憲,"2026-06-22 09:38:12",321.4,1,"masaharudesu,tatsunoritojo"
3377,16386285,"Koshiro Yamada","2026-06-23 06:02:08",320.9,2,koshiroyamada
3378,16381171,Sameeigaman,"2026-06-27 15:44:50",320.8,2,sameeigaman
3379,16413938,"Yasuharu Hirado","2026-06-22 13:36:21",320.6,1,superyasuharu
3380,16400770,LeonArdoV.,"2026-06-27 16:44:46",320.6,2,lzsecurity
3381,16382071,大田重吉,"2026-06-17 15:55:38",320.3,1,jukichiota
3382,16406224,"Hinata Tokuda","2026-06-26 13:31:36",320.2,2,hinatatokuda
3383,16386288,"maimai #2","2026-06-18 05:44:45",319.9,1,maimai392618
3384,16381320,Larpmaxxing,"2026-06-19 01:33:52",319.1,2,williamandrian
3385,16390725,"Suneet Kumar Saini","2026-06-18 22:57:52",317.1,2,suneetsaini
3386,16391111,"carlos marquez","2026-06-18 22:25:40",316.8,1,carlosjmarq
3387,16403373,syosinsya,"2026-06-20 19:01:41",316.5,2,syosinsya
3388,16405010,te1111,"2026-06-27 10:38:35",316.2,1,te1111
3389,16420836,b13902103_yuhung94,"2026-06-27 14:45:05",316.1,2,yuhung94
3390,16376444,Vishys,"2026-06-19 02:59:47",315.6,2,vishys2487
3391,16392644,mamahi,"2026-06-25 07:16:56",315.5,2,mamahi
3392,16433852,"Anup Patil","2026-06-27 07:07:06",314.8,2,anuppatil29
3393,16392463,"Gilberto Santos","2026-06-20 12:56:23",314.7,2,gardien
3394,16382960,poyothon,"2026-06-20 11:54:05",314.4,2,"odanado,pipikapipi"
3395,16372064,"Yoshinori Sato","2026-06-19 17:58:48",314.2,2,yosynory
3396,16394441,"green gum","2026-06-20 03:34:39",314.1,2,greengum
3397,16401601,shindannin,"2026-06-25 01:12:02",312.7,1,shindannin
3398,16378864,ZH1K1NG,"2026-06-18 07:12:15",312.3,2,zh1k1ng
3399,16395646,"Katherine Rich","2026-06-25 20:42:26",312.1,2,katherinerich
3400,16382320,"Hiroki WAKAMATSU","2026-06-18 17:00:50",311.0,2,hawk1125
3401,16382485,"Farley Law","2026-06-19 01:09:40",311.0,2,farley852
3402,16418253,ToGaChan,"2026-06-26 08:45:48",310.8,2,togachan
3403,16383408,"Ian Lee","2026-06-19 02:21:44",310.8,2,"ghostnoir,heerakkim"
3404,16402852,秋田優斗,"2026-06-24 07:05:57",310.7,2,yutoakita
3405,16421198,akachocobo,"2026-06-27 18:59:34",310.6,1,akachocobo7
3406,16377101,"Ahmet Abdullah Gültekin","2026-06-28 00:30:15",310.5,2,"abdullahgultekin,glsmgltkn"
3407,16381387,Josh,"2026-06-18 14:00:58",310.4,2,joshkun
3408,16413931,"Ryu K","2026-06-22 14:04:09",310.2,2,ryukhakikhaki
3409,16436562,"Sasaki Shoya","2026-06-26 07:37:26",310.0,1,sasakishoya
3410,16376435,Cada,"2026-06-24 13:38:27",309.9,2,daikikagesaki
3411,16379184,"Shota Yamazaki","2026-06-20 15:18:35",309.8,2,shotaymzk1231
3412,16404528,"Why Is It So","2026-06-25 23:20:43",309.6,2,whyisitso
3413,16441310,"asida shun","2026-06-27 14:15:26",309.5,1,asidashun
3414,16414959,"Andre Luiz Barbosa","2026-06-27 21:40:36",309.4,1,andreluizbarbosa
3415,16404975,alvanli,"2026-06-23 12:49:04",308.9,2,alvanli
3416,16393435,piooone,"2026-06-24 03:01:42",308.6,2,piooone
3417,16401957,Eggplanck,"2026-06-27 17:49:37",308.0,2,gyozzza
3418,16391177,ohige0831,"2026-06-18 21:09:42",307.4,1,ohige0831
3419,16377468,"Gaku Shimoyama","2026-06-20 09:42:09",307.3,2,gakushimoyama
3420,16382603,Eriya,"2026-06-23 16:31:12",307.3,2,haaaal
3421,16389000,Challengestone,"2026-06-26 11:42:01",306.5,2,"fitzypkm,tavinmatiszik,timinzitari"
3422,16388869,program,"2026-06-27 20:03:56",306.4,2,panagiotapanora
3423,16434060,"Sorachi KATAYAMA","2026-06-26 17:44:24",306.1,2,sorachi125
3424,16387025,"Varun Rao","2026-06-23 09:57:11",306.0,2,varunraosfanlkan
3425,16441240,norosen,"2026-06-27 05:18:04",306.0,1,norosen
3426,16406382,"[Deleted] 6b0fd188-7934-48ef-9477-b2651411d504","2026-06-21 12:14:43",305.3,1,del=334890a20add4b7c
3427,16384644,"Ryoki Kunii","2026-06-24 16:29:17",305.2,2,programmerryoki
3428,16379287,"yuki #3","2026-06-21 04:10:41",304.9,1,yuki123ikemen
3429,16388065,toko2222,"2026-06-21 15:18:33",304.5,2,toko2222
3430,16394644,ジェニファー,"2026-06-27 06:49:54",303.5,2,m1333666888
3431,16430413,松野恭成,"2026-06-28 00:33:44",302.4,2,mk9872
3432,16395818,"Ryan Talcoff","2026-06-27 19:32:09",300.6,2,ryantalcoff
3433,16380986,hiong-e,"2026-06-23 10:29:59",300.3,2,hionge
3434,16375982,elroy3141,"2026-06-18 08:45:04",298.7,2,elroy3141
3435,16376699,Lumina-jp,"2026-06-20 10:36:52",297.9,2,luminajp
3436,16407486,"Abhishek Raghuwanshi","2026-06-26 22:46:02",297.8,2,abhishek9905
3437,16399723,RRR1712,"2026-06-25 09:43:10",297.4,2,rrr1712
3438,16387568,arm10n,"2026-06-27 07:44:43",297.4,2,arm10n
3439,16411524,suikkee,"2026-06-22 16:05:54",297.4,1,suikkee
3440,16371615,NimaPoke,"2026-06-22 16:05:27",296.5,2,"ingma6,iykuetboo"
3441,16380536,shuto,"2026-06-21 14:32:09",295.7,2,ino3838
3442,16430210,IamDiganta.7,"2026-06-25 19:31:34",295.2,2,iamdiganta7
3443,16440572,YuKawamura,"2026-06-27 11:46:09",295.1,2,yukawamura1988
3444,16376260,TATEHA,"2026-06-26 09:05:43",294.9,2,tateha
3445,16386367,TCre15,"2026-06-25 08:10:06",294.5,2,tcre15
3446,16376052,Amarett,"2026-06-17 01:11:42",294.5,1,amaret51
3447,16375208,hike_on_bush,"2026-06-18 21:52:00",292.8,2,hikeonbush
3448,16444696,"Viktor Antonov","2026-06-27 22:43:02",292.2,2,viktorantonov
3449,16385395,ischca,"2026-06-26 15:29:36",292.1,2,ischca
3450,16436612,NeXT.MeTA,"2026-06-27 10:52:37",291.9,2,nextmeta
3451,16427200,"Richard Nam","2026-06-24 18:32:42",291.4,2,namrichard
3452,16415347,Junkonno,"2026-06-24 16:55:42",290.1,1,junkonno
3453,16424921,dburns,"2026-06-26 21:42:16",289.9,2,dburns
3454,16393876,Needleham,"2026-06-19 19:20:49",289.7,2,needleham
3455,16371582,"Lizzi Ti","2026-06-25 15:45:28",289.5,2,lizziti
3456,16372009,qtarou1111,"2026-06-16 13:49:16",288.7,1,qtarou1111
3457,16373623,curosfaiya,"2026-06-18 15:21:02",288.4,2,curosfaiya
3458,16371996,おちゃ,"2026-06-27 16:54:14",288.2,2,ocha4728
3459,16424435,"Abish Pius","2026-06-27 15:25:21",287.8,1,abishpius
3460,16436991,"Kirill Krasikov","2026-06-28 00:07:47",287.3,2,kkrasikov
3461,16372154,"Wilson Mugabo","2026-06-16 13:32:47",285.4,2,wmugabo
3462,16378595,UMRgurashi,"2026-06-18 08:50:46",284.7,2,umrgurashi
3463,16405708,kmj200392,"2026-06-23 02:25:32",284.1,2,kmj200392
3464,16373123,"PLUS OMI","2026-06-18 14:36:59",283.8,2,plusomi
3465,16395117,"TEAM MAGMA","2026-06-25 13:20:34",282.8,2,"pochacode,yamato035073"
3466,16377166,solu199,"2026-06-22 07:24:45",280.1,2,solu199
3467,16376682,larry54321zhao,"2026-06-27 17:00:04",279.8,2,larry54321zhao
3468,16392780,tstakeda,"2026-06-27 08:48:05",277.9,2,tstakeda
3469,16377067,yoruno281,"2026-06-20 03:22:18",276.7,2,yoruno281
3470,16384009,"Haoyu Yan","2026-06-17 23:44:27",275.4,1,haoyuyan742
3471,16377065,CleAAAAAA,"2026-06-27 13:20:29",273.5,2,"kirvk013,sunning11"
3472,16385851,くさまかずき,"2026-06-27 07:10:21",273.5,2,kusanbia
3473,16383283,"wouter roels","2026-06-19 17:52:53",273.3,2,wouterroels
3474,16373279,ShoKSE,"2026-06-16 15:57:29",273.0,2,shokse
3475,16399000,"Hardik Yerne","2026-06-27 15:41:46",272.7,2,hardikyerne
3476,16416972,"Ayush Thakur","2026-06-25 06:09:08",272.7,1,ayuraj
3477,16381129,"mamaPaPa Cloude","2026-06-27 14:46:06",272.3,2,"lamana0120,makisaito"
3478,16416942,Gilobear,"2026-06-24 21:07:01",272.0,2,gilobear
3479,16378155,"Cem Secim","2026-06-19 05:42:09",271.3,2,cemsecim1981
3480,16395946,y.y.y.1024,"2026-06-27 18:33:15",267.5,2,yyy1024
3481,16429785,Sama,"2026-06-27 05:11:13",267.1,2,samacorp
3482,16384042,AMIBEN,"2026-06-25 10:12:44",267.0,2,amiben
3483,16397498,Pumpkin@Pokeca,"2026-06-26 06:45:56",266.7,2,pumpkinpokeca
3484,16405204,uttc,"2026-06-27 15:45:40",266.0,2,juichunyen
3485,16383820,"Marco DG","2026-06-27 17:07:28",266.0,2,marcodg
3486,16377593,"Dino Xie","2026-06-18 04:15:14",264.7,2,dinoxie
3487,16376034,いもぞん,"2026-06-19 02:51:24",262.1,1,imozon0821
3488,16383442,ryokiti,"2026-06-24 10:05:21",261.4,2,ryokiti
3489,16375436,sho-t,"2026-06-27 15:07:47",260.5,1,shojabon
3490,16377152,nometoko,"2026-06-27 09:20:41",260.1,2,nometoko
3491,16371603,あーしこそがろりこ,"2026-06-17 11:10:21",259.6,2,roriko
3492,16376095,ren110,"2026-06-25 11:23:38",258.8,2,ren110
3493,16403782,"Juan Francisco Ortega Aguilar","2026-06-27 15:18:07",258.1,2,chamakov
3494,16383609,"Raid al maani","2026-06-23 15:42:32",256.9,2,raidalmaani
3495,16380472,Nailin2005,"2026-06-17 19:18:24",256.5,2,nailin2005
3496,16395061,SandeepBits,"2026-06-24 19:21:14",253.3,2,sandeepbits
3497,16390497,"James Christian","2026-06-26 06:09:53",253.2,2,kenkaocwl
3498,16394911,Soomana1z,"2026-06-25 07:40:17",252.1,2,soshionodera
3499,16437309,Jeon,"2026-06-27 19:02:53",252.0,1,jjeonst
3500,16378222,aka9999,"2026-06-18 13:58:24",251.5,2,ky0822
3501,16433950,"Anhad Mahajan","2026-06-26 18:33:46",250.0,2,anhadmahajan06
3502,16412060,AlizzeZhang,"2026-06-26 06:03:22",249.3,2,alizzezhang
3503,16383425,"Simon Côté","2026-06-17 17:26:47",247.6,1,simoncote
3504,16386898,koppen9029,"2026-06-18 09:51:29",246.8,2,koppen9029
3505,16381407,"Yu Kodate","2026-06-17 14:40:12",246.8,2,yukodate
3506,16387119,うめくみ,"2026-06-25 08:35:18",246.0,2,umebosi
3507,16381876,"Sutieng Sin","2026-06-23 13:00:05",242.6,1,sutiengsin
3508,16382068,lucasta1,"2026-06-22 14:47:55",241.4,2,lucasta1
3509,16377222,brackylove,"2026-06-27 03:26:46",241.3,2,brackylove
3510,16405048,"Hiroki Matsushita","2026-06-26 18:59:24",239.4,2,ootakoyakioo
3511,16380972,"Shinichiro NAKAMURA","2026-06-22 03:57:29",239.1,1,snaka0213
3512,16390012,"Emanuele Sicurella","2026-06-22 16:31:40",238.4,2,emanuelesicurella
3513,16384670,Suuuiiii4,"2026-06-17 22:23:02",237.3,2,bharath111l
3514,16388671,カワセイ,"2026-06-19 10:48:00",235.2,1,kawasei
3515,16373229,qwegat,"2026-06-17 06:20:12",230.8,1,qwegat
3516,16397800,"haruhi s","2026-06-20 03:00:36",230.6,1,haruhis
3517,16395211,"Alfath Rayyan","2026-06-20 14:34:02",229.9,2,newbieez
3518,16424465,yut,"2026-06-24 13:22:06",228.4,2,yutezuka
3519,16425691,nishikun,"2026-06-25 13:29:10",227.9,2,nishikun1216
3520,16437500,EclipseHW,"2026-06-26 11:34:53",227.2,2,eclipsehw
3521,16392317,Ezra,"2026-06-26 04:41:52",225.8,2,ezra0182
3522,16404753,"Kelvin Lin BU","2026-06-23 17:49:58",225.1,2,kelvinlinbu
3523,16414732,SOVEREIGN,"2026-06-26 14:23:25",224.2,2,bosmina
3524,16380426,snowfairytea,"2026-06-21 03:27:41",223.8,2,snowfairytea
3525,16375657,atknak,"2026-06-28 00:22:25",222.0,2,atknak
3526,16386147,ren-ai,"2026-06-19 11:06:15",221.9,1,rensakurazawa
3527,16434664,ss527936,"2026-06-26 15:36:38",221.6,2,ss527936
3528,16433664,forest2026,"2026-06-25 18:36:52",221.2,1,forest2026
3529,16376430,"Junichi Masuda","2026-06-26 00:10:25",219.7,1,ryotaeki
3530,16413536,BOOM,"2026-06-23 08:46:48",215.7,1,boomchenxy
3531,16398463,Pino,"2026-06-21 09:52:23",213.7,2,pppinocchio
3532,16373344,mimi,"2026-06-27 04:17:25",212.1,2,minakikirato
3533,16386194,"Simon Holk","2026-06-23 06:48:01",211.4,2,simonholk
3534,16398218,"wao zhang","2026-06-21 01:38:00",210.6,1,waozhang
3535,16387264,"Stepan Antonov","2026-06-26 11:52:20",209.3,2,stepanantonov
3536,16436746,yoshitown,"2026-06-26 12:45:39",207.5,1,yoshitown
3537,16375875,romanohu,"2026-06-17 05:34:40",206.6,1,romanohu
3538,16430136,Metanoon,"2026-06-27 22:59:42",203.6,2,metanoon
3539,16376761,otomarukanta,"2026-06-17 09:52:47",201.9,1,otomarukanta
3540,16417439,"Do Hyun Nam","2026-06-27 14:33:30",196.1,2,dollis
3541,16380832,"TakuyAI Obara","2026-06-19 00:07:52",195.3,2,takuyaiobara
3542,16373480,naotoyo,"2026-06-16 16:13:39",194.5,1,naotoyo
3543,16391488,"Rhythm Mecha","2026-06-19 04:11:26",194.2,1,rhythmmecha
3544,16404676,"The Lion Pride","2026-06-21 00:13:30",188.9,1,jdeleeuw
3545,16427180,typeIIIfairy,"2026-06-26 00:00:20",186.4,1,typeiiifairy
3546,16391869,tabetaaaaaaa,"2026-06-24 13:20:03",185.4,1,"tabetaaaaaaa,tvana4"
3547,16427901,RyotaNakanishi,"2026-06-27 07:00:11",184.6,1,ryotanize
3548,16414652,lucky,"2026-06-22 14:18:52",183.2,1,yingtaosun
3549,16378470,NAUTANAKA,"2026-06-17 06:59:06",179.6,1,nautanaka
3550,16401016,hdttnk,"2026-06-26 04:48:16",177.6,2,hdttnk
3551,16391780,"Wyatt Ethier","2026-06-19 04:42:35",174.0,1,wyattethier
3552,16376627,"Avik Das","2026-06-19 10:14:09",173.1,1,avikdas567
3553,16405023,"Donald Galliano III","2026-06-25 12:20:40",168.3,1,donaldgalliano
3554,16372405,かーーき,"2026-06-23 23:36:48",167.7,2,kaaaki
3555,16411641,maxwell_ml,"2026-06-25 04:34:49",167.0,1,maxwellml
3556,16425181,kazunokooo,"2026-06-24 16:47:45",165.6,2,higasiyamakazuki
3557,16412967,ZhouActor,"2026-06-27 10:28:41",162.3,2,"liuqiang1218,xsnhahaha,zhouactor"
3558,16377449,cocoa_at_jp,"2026-06-20 09:41:20",161.0,1,cocoaatjp
3559,16380227,8et4,"2026-06-20 18:58:58",160.7,2,lab8et4
3560,16395748,"Laerti Shabani","2026-06-19 18:45:15",154.7,2,laertishabani
3561,16382846,ta2yakwhr,"2026-06-17 16:40:45",154.3,1,ta2yakwhr
3562,16395108,まきたくん,"2026-06-25 23:04:31",145.0,2,makitakun
3563,16392807,"PRADEEP HEBBALLI","2026-06-27 05:01:14",142.5,2,pradeephebballi
3564,16443574,MyRoom,"2026-06-27 16:28:40",133.3,1,kuumugiwara
3565,16385452,SoshiSaito,"2026-06-20 14:53:16",121.4,2,soshisaito
3566,16383966,"Brandon Khuu","2026-06-23 02:27:55",119.2,2,brandonkhuu
3567,16384853,"Breno Mazza","2026-06-25 19:16:17",107.6,2,brenomazza
3568,16378758,hex,"2026-06-17 08:10:42",106.8,1,lgvrlv
3569,16408879,Septem27,"2026-06-24 14:54:43",93.5,2,hirataira
3570,16389376,Kumajiro,"2026-06-25 13:52:23",90.5,2,kumajirosasaoka
3571,16386597,Aicy14,"2026-06-24 10:20:07",85.8,2,aicy14
3572,16395000,"tomo48""","2026-06-24 08:58:44",54.0,1,tomo48
3573,16396031,pino,"2026-06-19 19:29:56",34.9,1,ntk1104
3574,16392917,Joshua,"2026-06-24 11:52:18",16.1,2,joshuathinks
3575,16388649,orecci,"2026-06-19 15:29:11",16.0,2,orecci
3576,16391813,Takashiki,"2026-06-19 04:33:20",9.6,1,takashiki
